Frame;Time;HeadPosition_x;HeadPosition_y;HeadPosition_z;HeadRotation_x;HeadRotation_y;HeadRotation_z;HandDetected;HighConfidence;HandPosition_x;HandPosition_y;HandPosition_z;HandRotation_x;HandRotation_y;HandRotation_z;HandVelocity_x;HandVelocity_y;HandVelocity_z;WristTwist;IsPinchGrabbing;IsPalmGrabbing;IsAutogripGrabbing;StrengthThumbIndex;StrengthThumbMiddle;StrengthThumbRing;StrengthThumbPinky;StrengthPalmIndex;StrengthPalmMiddle;StrengthPalmRing;StrengthPalmPinky;GrabIdentifier;MovedCorrectly
2210;0,08;0,0121;0,6625;-0,0524;343,1547;0,0423;359,6890;True;False;0,0000;0,0000;0,0000;0,0000;90,0000;0,0000;0,0000;0,0000;0,0000;-152,7756;False;False;False;0,0000;0,0000;0,0000;0,0000;0,0000;0,0000;0,0000;0,0000;;False;
2215;0,16;0,0138;0,6597;-0,0569;344,1585;0,4612;359,7249;True;False;0,0000;0,0000;0,0000;0,0000;90,0000;0,0000;0,0000;0,0000;0,0000;-151,9182;False;False;False;0,0000;0,0000;0,0000;0,0000;0,0000;0,0000;0,0000;0,0000;;False;
2220;0,24;0,0170;0,6536;-0,0562;348,8987;1,8493;359,2570;True;False;0,0000;0,0000;0,0000;0,0000;90,0000;0,0000;0,0000;0,0000;0,0000;-153,0788;False;False;False;0,0000;0,0000;0,0000;0,0000;0,0000;0,0000;0,0000;0,0000;;False;
2230;0,38;0,0236;0,6361;-0,0469;0,9932;4,9407;359,8794;True;False;0,0000;0,0000;0,0000;0,0000;90,0000;0,0000;0,0000;0,0000;0,0000;-153,9166;False;False;False;0,0000;0,0000;0,0000;0,0000;0,0000;0,0000;0,0000;0,0000;;False;
2240;0,52;0,0273;0,6156;-0,0383;13,3953;7,5520;0,8861;True;False;0,0000;0,0000;0,0000;0,0000;90,0000;0,0000;0,0000;0,0000;0,0000;-147,3365;False;False;False;0,0000;0,0000;0,0000;0,0000;0,0000;0,0000;0,0000;0,0000;;False;
2245;0,58;0,0284;0,6070;-0,0346;17,8274;9,0366;0,5733;True;True;0,1952;0,2765;0,0161;46,9515;347,8073;301,8684;2,2074;-2,6396;0,1270;-149,6045;False;False;False;0,0000;0,0000;0,0000;0,0000;0,0000;0,0000;0,0000;0,0000;;False;
2250;0,6399999;0,0301;0,6001;-0,0325;20,9783;10,5949;1,2982;True;True;0,2229;0,2879;-0,0155;28,7610;13,2632;311,9234;0,7485;0,8555;-0,5544;149,5782;False;False;False;0,0000;0,0000;0,0000;0,0000;0,0000;0,0000;0,0000;0,0000;;False;
2260;0,7799998;0,0341;0,5962;-0,0274;22,2176;13,6157;1,7529;True;True;0,2621;0,3888;0,0315;29,4388;31,6421;284,5367;-0,2217;0,9292;0,6795;163,9013;False;False;False;0,0000;0,0000;0,0000;0,0000;0,0000;0,0000;0,0000;0,0000;;False;
2270;0,9199997;0,0361;0,5959;-0,0202;22,1429;14,9294;1,5369;True;True;0,2572;0,4306;0,1334;24,2454;58,2538;319,9104;-0,1482;0,0926;0,4411;-167,5726;False;False;False;0,0000;0,0000;0,0000;0,0000;0,0000;0,0000;0,0000;0,0000;;False;
2280;1,06;0,0325;0,5954;-0,0114;22,2724;13,6582;1,7862;True;True;0,2466;0,3657;0,2597;357,7793;63,1848;356,9780;0,0924;-0,1532;0,5061;-176,9945;False;False;False;0,0000;0,0000;0,0000;0,0000;0,0000;0,0000;0,0000;0,0000;;False;
2285;1,12;0,0299;0,5948;-0,0077;22,5559;12,9080;1,6800;True;True;0,2329;0,3358;0,2666;356,1186;64,4850;10,4729;-0,2504;-0,3591;0,0056;-178,6287;False;False;False;0,0000;0,0000;0,0000;0,0000;0,0000;0,0000;0,0000;0,0000;;False;
2290;1,199999;0,0275;0,5950;-0,0052;22,4891;12,3704;1,8530;True;True;0,2345;0,3156;0,2895;352,6740;62,5947;15,1483;0,0341;-0,3286;0,4336;177,0973;False;False;False;0,0000;0,0000;0,0000;0,0000;0,0000;0,0000;0,0000;0,0000;;False;
2295;1,259999;0,0253;0,5952;-0,0039;22,3607;12,1829;1,8168;True;True;0,2357;0,3123;0,2803;1,1728;65,9970;14,9126;-0,0900;0,1261;-0,3780;174,7736;False;False;False;0,0000;0,0000;0,0000;0,0000;0,0000;0,0000;0,0000;0,0000;;False;
2300;1,339999;0,0233;0,5955;-0,0024;22,0714;11,9522;1,8266;True;True;0,2290;0,3299;0,2735;2,0075;68,2914;10,1691;-0,1043;0,1939;-0,0075;171,6784;False;False;False;0,0000;0,0000;0,0000;0,0000;0,0000;0,0000;0,0000;0,0000;;False;
2305;1,399999;0,0221;0,5965;-0,0018;21,7337;11,9007;1,9171;True;True;0,2315;0,3437;0,2682;4,7059;69,2613;358,1075;0,1265;0,3035;-0,0360;171,6652;False;False;False;0,0000;0,0000;0,0000;0,0000;0,0000;0,0000;0,0000;0,0000;;False;
2310;1,479999;0,0214;0,5973;-0,0007;21,4372;11,8189;2,1161;True;True;0,2321;0,3762;0,2750;4,1336;66,4168;346,9486;-0,0272;0,2921;0,1097;176,4665;False;False;False;0,0000;0,0000;0,0000;0,0000;0,0000;0,0000;0,0000;0,0000;;False;
2315;1,539999;0,0201;0,5977;-0,0002;21,1855;11,6690;2,2917;True;True;0,2092;0,4060;0,2631;4,6914;68,4149;339,4059;-0,5368;0,2600;-0,0959;-176,0329;False;False;False;0,0000;0,0000;0,0000;0,0000;0,0000;0,0000;0,0000;0,0000;;False;
2320;1,619999;0,0189;0,5988;0,0010;20,6111;11,6381;2,7023;True;True;0,2080;0,4091;0,2723;7,9721;68,7899;338,9361;0,0122;-0,0532;0,0287;-171,1254;False;False;False;0,0000;0,0000;0,0000;0,0000;0,0000;0,0000;0,0000;0,0000;;False;
2325;1,699999;0,0181;0,5989;0,0015;20,5217;11,5058;2,8906;True;True;0,2119;0,3841;0,2690;13,0200;69,3081;345,7868;0,0278;-0,2544;-0,0055;-171,3698;False;False;False;0,0000;0,0000;0,0000;0,0000;0,0000;0,0000;0,0000;0,0000;;False;
2330;1,759999;0,0181;0,5986;0,0016;20,4574;11,4196;2,9026;True;True;0,2245;0,3276;0,2976;358,4741;70,7624;0,9287;0,2675;-1,2524;1,0205;171,0325;False;False;False;0,0000;0,0000;0,0000;0,0000;0,0000;0,0000;0,0000;0,0000;;False;
2335;1,839999;0,0183;0,5986;0,0023;20,4687;11,0848;2,6280;True;True;0,2435;0,2961;0,3115;352,2189;68,9696;9,2681;0,0522;-0,1798;0,0072;169,7376;False;False;False;0,0000;0,0000;0,0000;0,0000;0,0000;0,0000;0,0000;0,0000;;False;
2340;1,899999;0,0185;0,5987;0,0034;20,4199;10,4984;2,4448;True;True;0,2420;0,2925;0,3079;353,2515;68,5235;7,4786;-0,0188;0,1119;-0,2076;172,6359;False;False;False;0,0000;0,0000;0,0000;0,0000;0,0000;0,0000;0,0000;0,0000;;False;
2345;1,979999;0,0189;0,5984;0,0048;20,5809;10,1493;2,1822;True;True;0,2263;0,3158;0,2998;356,3374;72,5154;3,1881;-0,1191;0,1868;-0,0564;173,1561;False;False;False;0,0000;0,0000;0,0000;0,0000;0,0000;0,0000;0,0000;0,0000;;False;
2350;2,039999;0,0196;0,5976;0,0052;20,9805;10,2941;2,0826;True;True;0,2294;0,3412;0,3067;3,5555;75,2359;357,2618;0,1669;0,6949;0,3095;170,4722;True;False;False;1,0000;1,0000;1,0000;1,0000;0,0000;0,0000;0,0000;0,0000;c3c9b8e1-3847-4cea-be83-6ee9ddcdee47;False;
2355;2,119999;0,0195;0,5979;0,0060;20,9017;9,9826;2,1238;True;True;0,2181;0,3847;0,2928;4,9855;71,0691;349,2029;-0,1618;0,4403;-0,2538;173,4862;True;False;False;1,0000;1,0000;1,0000;1,0000;0,0000;0,0000;0,0000;0,0000;c3c9b8e1-3847-4cea-be83-6ee9ddcdee47;False;
2360;2,179999;0,0193;0,5983;0,0057;20,7098;9,3924;1,9455;True;True;0,1946;0,4094;0,2835;6,3893;67,6212;341,9308;-0,2573;-0,0154;0,5046;-172,3344;True;False;False;1,0000;1,0000;1,0000;1,0000;0,0000;0,0000;0,0000;0,0000;c3c9b8e1-3847-4cea-be83-6ee9ddcdee47;False;
2370;2,319999;0,0181;0,6000;0,0036;20,0532;7,9072;1,0837;True;True;0,1551;0,4160;0,3022;7,3811;57,4374;334,3863;-0,5271;-0,1150;0,0507;-174,7923;True;False;False;1,0000;1,0000;1,0000;1,0000;0,0000;0,0000;0,0000;0,0000;c3c9b8e1-3847-4cea-be83-6ee9ddcdee47;False;
2380;2,459998;0,0179;0,6013;0,0025;19,2646;7,6942;1,2079;True;True;0,0893;0,3536;0,3070;13,0443;43,0371;339,9905;-0,0969;-0,5522;0,2983;-173,7506;True;False;False;1,0000;1,0000;1,0000;0,9558;0,0000;0,0000;0,0000;0,0000;c3c9b8e1-3847-4cea-be83-6ee9ddcdee47;False;
2390;2,599998;0,0140;0,6010;0,0045;19,2616;7,3818;1,1609;True;True;0,1204;0,3641;0,3221;12,2597;34,0038;356,0680;0,4481;0,2655;-0,1526;168,6765;False;False;False;0,0000;0,0000;0,0000;0,0000;0,0000;0,0000;0,0000;0,0000;;True;
2400;2,739998;0,0149;0,6000;0,0064;19,7476;9,2122;2,3121;True;True;0,2279;0,3918;0,3370;15,5286;51,6262;350,7248;0,4180;0,1011;-0,0306;171,4709;False;False;False;0,0000;0,0000;0,0000;0,0000;0,0000;0,0000;0,0000;0,0000;;False;
2410;2,879998;0,0193;0,6000;0,0080;19,5958;11,6874;2,9012;True;True;0,2733;0,3726;0,3268;2,5642;71,1835;0,5550;0,1904;-0,1461;-0,0227;172,2384;False;False;False;0,0000;0,0000;0,0000;0,0000;0,0000;0,0000;0,0000;0,0000;;False;
2420;3,019998;0,0223;0,5994;0,0109;19,6943;12,2500;2,6580;True;True;0,2970;0,3284;0,3373;345,6497;78,3143;9,4031;0,0506;-0,1075;0,0660;169,1685;False;False;False;0,0000;0,0000;0,0000;0,0000;0,0000;0,0000;0,0000;0,0000;;False;
2425;3,079998;0,0226;0,5993;0,0115;19,6029;12,0574;2,2952;True;True;0,2892;0,3222;0,3301;344,5181;76,8996;3,9904;-0,2109;0,0179;-0,2432;171,9934;False;False;False;0,0000;0,0000;0,0000;0,0000;0,0000;0,0000;0,0000;0,0000;;False;
2430;3,159998;0,0219;0,5994;0,0126;19,5107;11,5597;2,2051;True;True;0,2848;0,3337;0,3160;350,2148;73,2232;356,0326;0,0000;0,0000;0,0000;173,7351;False;False;False;0,0000;0,0000;0,0000;0,0000;0,0000;0,0000;0,0000;0,0000;;False;
2435;3,219998;0,0208;0,5994;0,0130;19,5521;11,2679;2,1964;True;True;0,2888;0,3391;0,3445;348,8874;69,0622;353,4761;-0,2011;0,7426;-0,0276;-172,7784;False;False;False;0,0000;0,0000;0,0000;0,0000;0,0000;0,0000;0,0000;0,0000;;False;
2440;3,299998;0,0196;0,5993;0,0135;19,5681;11,0654;2,2817;True;True;0,2634;0,3636;0,3381;352,5448;70,1292;350,2307;-0,2360;0,1801;0,0346;-179,0804;False;False;False;0,0000;0,0000;0,0000;0,0000;0,0000;0,0000;0,0000;0,0000;;False;
2445;3,359998;0,0187;0,5998;0,0136;19,5550;11,0389;2,7036;True;True;0,2402;0,3790;0,3594;1,6812;74,0462;348,5493;-0,2202;0,1177;0,2271;-177,0165;False;False;False;0,0000;0,0000;0,0000;0,0000;0,0000;0,0000;0,0000;0,0000;;False;
2450;3,439997;0,0172;0,6005;0,0141;19,2074;11,2298;2,7453;True;True;0,2435;0,3623;0,3465;3,7120;74,6321;347,6794;0,0361;-0,1598;-0,1108;-176,3774;False;False;False;0,0000;0,0000;0,0000;0,0000;0,0000;0,0000;0,0000;0,0000;;False;
2455;3,499997;0,0152;0,6009;0,0159;18,9444;10,8803;2,6220;True;True;0,2819;0,3315;0,3702;352,8633;77,0920;1,0216;1,3022;-1,0543;0,4657;179,7992;False;False;False;0,0000;0,0000;0,0000;0,0000;0,0000;0,0000;0,0000;0,0000;;False;
2460;3,579997;0,0137;0,6005;0,0191;18,9585;10,2470;2,3597;True;True;0,2927;0,3075;0,3626;348,0711;78,9365;8,0068;0,0605;-0,1193;-0,1118;177,1319;False;False;False;0,0000;0,0000;0,0000;0,0000;0,0000;0,0000;0,0000;0,0000;;False;
2465;3,639997;0,0147;0,6000;0,0212;19,0969;9,9263;2,9440;True;True;0,2838;0,3137;0,3540;351,5627;76,5870;6,6990;-0,0279;0,1370;-0,1875;174,7838;False;False;False;0,0000;0,0000;0,0000;0,0000;0,0000;0,0000;0,0000;0,0000;;False;
2470;3,719997;0,0162;0,5994;0,0208;19,7803;10,2743;2,8890;True;True;0,2892;0,3122;0,3442;353,8307;77,2411;4,8041;0,0028;-0,0038;-0,1093;175,6102;True;False;False;1,0000;0,5658;0,6569;0,0000;0,0000;0,0000;0,0000;0,0000;58f4b4a2-8de0-46e4-b1d1-7c2ab4699131;False;
2475;3,779997;0,0174;0,5994;0,0205;19,5051;10,5717;2,5243;True;True;0,2885;0,3074;0,3459;350,6164;78,2384;4,8035;0,0265;-0,1580;0,0903;175,2394;True;False;False;0,9806;0,6132;0,7828;0,0000;0,0000;0,0000;0,0000;0,0000;58f4b4a2-8de0-46e4-b1d1-7c2ab4699131;False;
2485;3,919997;0,0181;0,5993;0,0204;19,5874;10,7172;2,4600;True;True;0,2869;0,3077;0,3522;348,1842;73,5370;357,5142;0,0853;-0,0460;-0,1192;178,5822;True;False;False;1,0000;1,0000;1,0000;1,0000;0,0000;0,0000;0,0000;0,0000;58f4b4a2-8de0-46e4-b1d1-7c2ab4699131;False;
2490;3,999997;0,0175;0,5991;0,0206;19,6450;10,5572;2,5603;True;True;0,2831;0,3233;0,3503;354,8585;73,1701;353,3271;-0,2756;0,5539;-0,1236;-175,6303;True;False;False;1,0000;1,0000;1,0000;1,0000;0,0000;0,0000;0,0000;0,0000;58f4b4a2-8de0-46e4-b1d1-7c2ab4699131;False;
2495;4,059997;0,0167;0,5990;0,0202;19,7889;10,3884;2,6754;True;True;0,2398;0,3855;0,3408;1,5488;70,3513;346,6000;-0,5795;0,6125;-0,0302;-178,1128;True;False;False;1,0000;1,0000;1,0000;1,0000;0,0000;0,0000;0,0000;0,0000;58f4b4a2-8de0-46e4-b1d1-7c2ab4699131;False;
2505;4,199997;0,0138;0,5995;0,0178;19,8340;9,2353;2,2339;True;True;0,1599;0,4167;0,3108;6,9249;57,7763;337,7348;-0,4236;-0,0136;0,0086;-176,4440;True;False;False;1,0000;1,0000;1,0000;1,0000;0,0000;0,0000;0,0000;0,0000;58f4b4a2-8de0-46e4-b1d1-7c2ab4699131;False;
2515;4,339997;0,0112;0,5998;0,0154;19,3731;9,0607;2,3438;True;True;0,0888;0,3515;0,3161;18,6433;39,0885;334,5536;0,0243;-0,6799;0,4527;-173,1445;True;False;False;1,0000;1,0000;1,0000;1,0000;0,0000;0,0000;0,0000;0,0000;58f4b4a2-8de0-46e4-b1d1-7c2ab4699131;False;
2525;4,479997;0,0054;0,5997;0,0172;19,3158;8,8804;2,7330;True;True;0,1161;0,3464;0,3348;12,9341;30,7697;354,9456;0,2235;0,0051;0,0811;165,6775;False;False;False;0,0000;0,0000;0,0000;0,0000;0,0000;0,0000;0,0000;0,0000;;True;
2530;4,539997;0,0036;0,5992;0,0189;19,4427;9,5787;3,2963;True;True;0,1830;0,3830;0,3213;18,0023;33,5615;350,3517;1,8327;1,3469;-0,3854;165,0512;False;False;False;0,0000;0,0000;0,0000;0,0000;0,0000;0,0000;0,0000;0,0000;;False;
2535;4,619997;0,0031;0,5984;0,0200;19,8289;10,9286;4,1306;True;True;0,2296;0,4119;0,3046;17,9486;44,9393;350,0790;0,4270;0,1908;-0,0550;169,0734;False;False;False;0,0000;0,0000;0,0000;0,0000;0,0000;0,0000;0,0000;0,0000;;False;
2540;4,679996;0,0046;0,5977;0,0207;19,8850;12,7020;4,9831;True;True;0,2914;0,3986;0,2846;13,5167;55,5048;355,2363;0,7804;-0,0562;-0,4467;168,0611;False;False;False;0,0000;0,0000;0,0000;0,0000;0,0000;0,0000;0,0000;0,0000;;False;
2545;4,759996;0,0074;0,5975;0,0206;19,8286;14,3778;5,5156;True;True;0,3182;0,3734;0,2891;4,0331;64,0842;4,2477;0,3858;-0,3267;0,0486;167,5128;False;False;False;0,0000;0,0000;0,0000;0,0000;0,0000;0,0000;0,0000;0,0000;;False;
2550;4,819996;0,0104;0,5971;0,0204;19,8458;15,5349;5,5374;True;True;0,3472;0,3156;0,2874;353,3795;63,9887;12,0184;-0,0783;-0,4322;-0,0608;166,6326;False;False;False;0,0000;0,0000;0,0000;0,0000;0,0000;0,0000;0,0000;0,0000;;False;
2555;4,899996;0,0128;0,5965;0,0198;20,1011;15,8966;5,3250;True;True;0,3312;0,3246;0,2740;350,9156;65,7916;18,1093;-0,1428;0,0530;-0,1673;165,6813;False;False;False;0,0000;0,0000;0,0000;0,0000;0,0000;0,0000;0,0000;0,0000;;False;
2560;4,959996;0,0142;0,5963;0,0195;20,1733;15,8673;4,7583;True;True;0,3230;0,3187;0,2643;351,9376;72,4853;11,6792;-0,0043;-0,0508;-0,0050;168,8800;False;False;False;0,0000;0,0000;0,0000;0,0000;0,0000;0,0000;0,0000;0,0000;;False;
2570;5,099996;0,0143;0,5966;0,0196;20,2022;14,9747;4,2596;True;True;0,2989;0,3575;0,2812;359,2409;69,5554;1,5650;-0,5289;0,9028;0,3619;171,5434;True;False;False;1,0000;1,0000;0,0000;0,0000;0,0000;0,0000;0,0000;0,0000;c67efff6-415b-4521-b6fb-b0a6e765ad79;False;
2580;5,239996;0,0137;0,5975;0,0162;20,0988;13,2935;3,4905;True;True;0,2027;0,4085;0,2786;5,3189;54,5983;342,2139;-1,2015;0,0412;0,1375;175,6803;True;False;False;1,0000;1,0000;1,0000;0,0000;0,0000;0,0000;0,0000;0,0000;c67efff6-415b-4521-b6fb-b0a6e765ad79;False;
2590;5,379996;0,0145;0,5993;0,0124;19,2105;12,6361;2,7120;True;True;0,1107;0,3795;0,2706;17,0878;37,7047;333,0764;-0,1482;-0,3612;0,2797;-175,5762;True;False;False;1,0000;1,0000;1,0000;0,0000;0,0000;0,0000;0,0000;0,0000;c67efff6-415b-4521-b6fb-b0a6e765ad79;False;
2600;5,519996;0,0119;0,5994;0,0125;19,1727;12,2442;2,6144;True;True;0,1206;0,3492;0,2994;15,8115;28,4735;354,1284;0,5207;0,1203;0,1413;167,5579;False;False;False;0,0000;0,0000;0,0000;0,0000;0,0000;0,0000;0,0000;0,0000;;False;
2610;5,659996;0,0097;0,5995;0,0152;19,1770;12,0501;3,4036;True;True;0,2126;0,3701;0,3093;19,2926;46,8851;344,6215;0,4287;-0,1650;0,2884;169,9414;False;False;False;0,0000;0,0000;0,0000;0,0000;0,0000;0,0000;0,0000;0,0000;;True;
2615;5,719995;0,0125;0,5992;0,0155;18,9981;12,6249;3,5489;True;True;0,2322;0,3532;0,3048;19,7288;69,5941;353,2507;-0,0797;-0,3269;-0,3021;175,9830;False;False;False;0,0000;0,0000;0,0000;0,0000;0,0000;0,0000;0,0000;0,0000;;False;
2620;5,799995;0,0141;0,5994;0,0166;18,7958;12,3269;3,1852;True;True;0,2067;0,3136;0,3388;2,0959;71,6853;1,2877;-0,1975;-0,2510;0,1874;176,8722;False;False;False;0,0000;0,0000;0,0000;0,0000;0,0000;0,0000;0,0000;0,0000;;False;
2630;5,939995;0,0147;0,5994;0,0205;18,9888;10,7006;2,1965;True;True;0,1588;0,3004;0,3476;13,6396;67,1071;1,6940;-0,1961;-0,0122;0,1043;172,7211;False;False;False;0,0000;0,0000;0,0000;0,0000;0,0000;0,0000;0,0000;0,0000;;False;
2640;6,079995;0,0110;0,5995;0,0230;18,9953;8,5932;2,2850;True;True;0,1397;0,2984;0,3519;10,0378;62,1270;346,8979;-0,0909;0,1372;-0,3984;-174,4901;False;False;False;0,0000;0,0000;0,0000;0,0000;0,0000;0,0000;0,0000;0,0000;;False;
2650;6,219995;0,0095;0,5991;0,0201;19,0374;8,1209;2,0336;True;True;0,1480;0,2995;0,3495;12,4948;62,6475;349,3949;0,0463;0,0532;0,0190;-175,2004;True;False;False;1,0000;1,0000;1,0000;1,0000;0,0000;0,0000;0,0000;0,0000;e433166a-f637-4b23-8fe5-17c31a63d288;False;
2660;6,359995;0,0087;0,5999;0,0199;18,9472;8,1175;2,1315;True;True;0,1535;0,3543;0,3410;13,8621;60,8880;340,2467;-0,1495;0,4169;-0,1797;-174,4477;True;False;False;1,0000;1,0000;1,0000;1,0000;0,0000;0,0000;0,0000;0,0000;e433166a-f637-4b23-8fe5-17c31a63d288;False;
2670;6,499995;0,0110;0,6001;0,0198;19,0130;9,0545;2,3484;True;True;0,1034;0,4023;0,3159;25,8144;43,2363;318,2398;-0,3425;0,1148;-0,1841;-168,6868;True;False;False;1,0000;1,0000;1,0000;1,0000;0,0000;0,0000;0,0000;0,0000;e433166a-f637-4b23-8fe5-17c31a63d288;False;
2680;6,639995;0,0095;0,5998;0,0188;19,0354;9,4695;2,3168;True;True;0,0970;0,3707;0,3307;22,8491;30,0051;341,8028;0,1599;0,0565;0,1043;-172,6479;False;False;False;0,0000;0,0000;0,0000;0,0000;0,0000;0,0000;0,0000;0,0000;;False;
2690;6,779994;0,0068;0,5994;0,0199;19,1352;9,0921;2,6655;True;True;0,1958;0,3644;0,3020;16,9473;47,6049;339,6035;0,3861;-0,0901;-0,1253;173,1563;False;False;False;0,0000;0,0000;0,0000;0,0000;0,0000;0,0000;0,0000;0,0000;;True;
2695;6,839994;0,0080;0,5990;0,0195;19,1746;9,6481;2,8125;True;True;0,2212;0,3501;0,2971;10,8808;63,6334;350,9561;0,1804;0,1790;-0,2882;178,2638;False;False;False;0,0000;0,0000;0,0000;0,0000;0,0000;0,0000;0,0000;0,0000;;False;
2700;6,919994;0,0096;0,5985;0,0187;19,2742;9,9597;2,9043;True;True;0,2245;0,3241;0,2858;1,9417;72,6428;2,8286;-0,0027;-0,1070;-0,1459;172,0193;False;False;False;0,0000;0,0000;0,0000;0,0000;0,0000;0,0000;0,0000;0,0000;;False;
2705;6,979994;0,0114;0,5984;0,0180;19,2549;9,8043;2,7642;True;True;0,2216;0,3051;0,2833;358,9727;76,0108;5,4612;-0,0414;-0,4564;0,3541;166,1143;False;False;False;0,0000;0,0000;0,0000;0,0000;0,0000;0,0000;0,0000;0,0000;;False;
2710;7,059994;0,0132;0,5983;0,0173;19,3898;9,7361;2,3327;True;True;0,2208;0,3094;0,2898;0,5137;74,3405;1,5637;0,0409;-0,0193;0,0579;168,7928;False;False;False;0,0000;0,0000;0,0000;0,0000;0,0000;0,0000;0,0000;0,0000;;False;
2715;7,119994;0,0146;0,5985;0,0168;19,4562;9,6150;2,0447;True;True;0,1954;0,3433;0,3037;8,4976;66,9964;348,6392;-0,9861;1,2986;0,3732;173,8207;True;False;False;1,0000;1,0000;1,0000;1,0000;0,0000;0,0000;0,0000;0,0000;44ca6778-0a7c-4030-a979-e6e7adde0d4b;False;
2720;7,199994;0,0149;0,5990;0,0166;19,3759;9,1784;1,7663;True;True;0,1545;0,3783;0,2849;19,3472;58,9474;338,3419;-0,3221;0,1811;-0,0425;-171,7478;True;False;False;1,0000;1,0000;1,0000;1,0000;0,0000;0,0000;0,0000;0,0000;44ca6778-0a7c-4030-a979-e6e7adde0d4b;False;
2725;7,259994;0,0149;0,5992;0,0163;19,3534;9,1162;1,6575;True;True;0,1196;0,3807;0,2863;24,0147;44,6696;329,0777;-0,6033;0,0044;-0,1790;-171,6849;True;False;False;1,0000;1,0000;1,0000;1,0000;0,0000;0,0000;0,0000;0,0000;44ca6778-0a7c-4030-a979-e6e7adde0d4b;False;
2735;7,399994;0,0123;0,5987;0,0155;19,3218;9,3413;2,1407;True;True;0,1062;0,3503;0,2998;29,4116;26,1257;344,0452;0,5702;0,0267;-0,1272;-174,7781;False;False;False;0,0000;0,0000;0,0000;0,0000;0,0000;0,0000;0,0000;0,0000;;False;
2745;7,539994;0,0076;0,5987;0,0165;19,0288;10,1525;2,5932;True;True;0,2277;0,3532;0,2829;20,0551;47,7255;344,4983;0,9342;-0,0380;0,0619;169,4323;False;False;False;0,0000;0,0000;0,0000;0,0000;0,0000;0,0000;0,0000;0,0000;;False;
2755;7,679994;0,0090;0,5983;0,0153;19,0531;12,2272;3,4795;True;True;0,3135;0,3267;0,2720;353,2154;84,8496;359,8542;0,1519;-0,3194;0,3178;176,4191;False;False;False;0,0000;0,0000;0,0000;0,0000;0,0000;0,0000;0,0000;0,0000;;True;
2765;7,819993;0,0120;0,5996;0,0128;18,5986;12,5896;3,1566;True;True;0,3092;0,3146;0,2789;353,3659;86,6418;3,7421;-0,2684;0,2718;0,0218;171,5905;False;False;False;0,0000;0,0000;0,0000;0,0000;0,0000;0,0000;0,0000;0,0000;;False;
2775;7,959993;0,0146;0,6001;0,0121;18,5610;12,0039;2,3091;True;True;0,2638;0,3374;0,2992;7,8752;71,2632;339,8672;-0,2972;0,0664;0,0748;-177,6195;True;False;False;1,0000;1,0000;1,0000;1,0000;0,0000;0,0000;0,0000;0,0000;2ad97771-a981-4401-91c6-63a6105d14bb;False;
2780;8,019994;0,0159;0,5999;0,0119;18,7246;11,9537;2,1010;True;True;0,1899;0,3892;0,2546;5,5504;63,9601;334,3896;-1,2472;0,3698;-0,0969;-174,3186;True;False;False;1,0000;1,0000;1,0000;1,0000;0,0000;0,0000;0,0000;0,0000;2ad97771-a981-4401-91c6-63a6105d14bb;False;
2785;8,099996;0,0173;0,5998;0,0112;18,7409;11,9316;2,1456;True;True;0,1574;0,3787;0,2712;19,0040;53,7009;331,6372;-0,2588;0,0211;-0,1007;-171,9013;True;False;False;1,0000;1,0000;1,0000;1,0000;0,0000;0,0000;0,0000;0,0000;2ad97771-a981-4401-91c6-63a6105d14bb;False;
2790;8,159997;0,0175;0,5998;0,0108;18,7148;11,6810;2,0290;True;True;0,1483;0,3707;0,2735;27,5390;40,0284;335,8814;-0,0298;0,0435;0,0400;-176,6183;False;False;False;0,0000;0,0000;0,0000;0,0000;0,0000;0,0000;0,0000;0,0000;;False;
2795;8,239999;0,0154;0,6004;0,0108;18,5332;11,3932;1,8362;True;True;0,1667;0,3755;0,2717;30,0987;38,1889;344,3611;0,2565;0,0355;-0,0212;173,4604;False;False;False;0,0000;0,0000;0,0000;0,0000;0,0000;0,0000;0,0000;0,0000;;False;
2800;8,3;0,0137;0,6006;0,0118;18,2822;11,1590;2,0718;True;True;0,2200;0,3605;0,2863;20,6426;49,7093;341,0701;1,2574;-0,1885;0,1862;173,3003;False;False;False;0,0000;0,0000;0,0000;0,0000;0,0000;0,0000;0,0000;0,0000;;False;
2805;8,380002;0,0132;0,6003;0,0125;18,5158;11,3850;2,3574;True;True;0,2519;0,3653;0,2697;10,2385;64,0661;350,2975;0,1011;-0,1710;-0,0067;176,5132;False;False;False;0,0000;0,0000;0,0000;0,0000;0,0000;0,0000;0,0000;0,0000;;False;
2810;8,440003;0,0146;0,5998;0,0121;18,5628;11,9269;2,4606;True;True;0,2428;0,3433;0,2612;3,7548;70,8200;1,0243;-0,4318;-0,3143;-0,2268;172,7355;False;False;False;0,0000;0,0000;0,0000;0,0000;0,0000;0,0000;0,0000;0,0000;;False;
2815;8,520005;0,0158;0,5999;0,0114;18,4186;12,1133;2,2638;True;True;0,2381;0,3046;0,2770;359,3217;72,6572;7,1350;-0,1489;-0,2668;0,1772;170,9800;False;False;False;0,0000;0,0000;0,0000;0,0000;0,0000;0,0000;0,0000;0,0000;;False;
2820;8,580007;0,0163;0,6001;0,0113;18,4048;11,6787;1,9851;True;True;0,2347;0,3000;0,2943;4,6300;70,5295;4,4460;-0,1471;0,1761;0,3259;171,0862;False;False;False;0,0000;0,0000;0,0000;0,0000;0,0000;0,0000;0,0000;0,0000;;False;
2830;8,72001;0,0179;0,5999;0,0124;18,7149;11,0529;1,5575;True;True;0,1783;0,3488;0,2836;18,2575;57,3407;338,6813;-0,9916;0,6142;-0,2988;-176,9983;True;False;False;1,0000;1,0000;1,0000;1,0000;0,0000;0,0000;0,0000;0,0000;ee66ec29-232f-467c-b3b8-1cd15893c521;False;
2840;8,860013;0,0175;0,5996;0,0133;18,8316;10,2895;1,5210;True;True;0,1388;0,3520;0,2982;26,0018;36,6841;335,2793;0,1558;-0,0044;0,1434;-175,5764;False;False;False;0,0000;0,0000;0,0000;0,0000;0,0000;0,0000;0,0000;0,0000;;False;
2850;9,000016;0,0130;0,5985;0,0159;19,1014;9,4523;1,7856;True;True;0,1929;0,3560;0,3048;20,5514;41,6999;347,8242;0,4369;-0,0786;0,1408;169,4150;False;False;False;0,0000;0,0000;0,0000;0,0000;0,0000;0,0000;0,0000;0,0000;;True;
2860;9,140019;0,0095;0,5964;0,0181;20,1000;8,8406;2,4543;True;True;0,2469;0,3464;0,3085;6,9875;69,1680;355,1738;0,1023;-0,1468;0,1162;175,3170;False;False;False;0,0000;0,0000;0,0000;0,0000;0,0000;0,0000;0,0000;0,0000;;False;
2865;9,200021;0,0085;0,5955;0,0195;20,2469;7,9544;2,6034;True;True;0,2613;0,3196;0,3170;4,6428;75,8702;358,3790;0,3810;-0,8140;0,6503;170,4720;False;False;False;0,0000;0,0000;0,0000;0,0000;0,0000;0,0000;0,0000;0,0000;;False;
2870;9,280023;0,0086;0,5940;0,0202;20,9992;7,4454;2,6313;True;True;0,2629;0,3097;0,3246;2,6051;79,4368;0,9980;0,0321;-0,1038;0,0956;166,0178;False;False;False;0,0000;0,0000;0,0000;0,0000;0,0000;0,0000;0,0000;0,0000;;False;
2875;9,340024;0,0090;0,5933;0,0207;21,2124;6,7005;2,2794;True;True;0,2610;0,3034;0,3299;359,6447;82,1382;0,9057;0,0074;-0,0605;0,1050;167,0125;False;False;False;0,0000;0,0000;0,0000;0,0000;0,0000;0,0000;0,0000;0,0000;;False;
2880;9,420026;0,0082;0,5931;0,0208;21,5023;5,7549;1,7420;True;True;0,2604;0,3005;0,3341;358,8069;83,5168;358,7289;-0,0304;-0,0236;0,0594;169,0183;False;False;False;0,0000;0,0000;0,0000;0,0000;0,0000;0,0000;0,0000;0,0000;;False;
2885;9,480027;0,0066;0,5933;0,0221;21,3850;5,0060;1,7745;True;True;0,2561;0,3035;0,3381;358,0009;82,6951;356,9059;-0,0662;0,1648;0,0954;170,7762;True;False;False;1,0000;1,0000;1,0000;1,0000;0,0000;0,0000;0,0000;0,0000;188e4e5d-fc28-4ccc-9949-d0b671f9dd3c;False;
2890;9,560029;0,0066;0,5924;0,0214;21,6787;5,2567;2,1126;True;True;0,2564;0,3090;0,3386;358,7416;82,7758;355,1656;0,0343;0,0202;-0,0129;-171,3894;True;False;False;1,0000;1,0000;1,0000;1,0000;0,0000;0,0000;0,0000;0,0000;188e4e5d-fc28-4ccc-9949-d0b671f9dd3c;False;
2895;9,62003;0,0069;0,5923;0,0206;21,7311;5,6538;2,1850;True;True;0,2718;0,3120;0,3370;0,8988;81,9248;350,7648;0,2447;0,2304;-0,0482;-173,1880;True;False;False;1,0000;1,0000;1,0000;1,0000;0,0000;0,0000;0,0000;0,0000;188e4e5d-fc28-4ccc-9949-d0b671f9dd3c;False;
2900;9,700032;0,0071;0,5929;0,0201;21,5643;5,5841;2,0867;True;True;0,2616;0,3446;0,3239;3,3640;78,7936;347,0856;-0,1840;0,4084;-0,2092;-174,2404;True;False;False;1,0000;1,0000;1,0000;1,0000;0,0000;0,0000;0,0000;0,0000;188e4e5d-fc28-4ccc-9949-d0b671f9dd3c;False;
2905;9,760034;0,0092;0,5929;0,0200;21,6697;5,8485;1,8978;True;True;0,2187;0,3585;0,3109;12,1739;69,8971;340,3348;-0,9037;0,0037;-0,3407;-173,2152;True;False;False;1,0000;1,0000;1,0000;1,0000;0,0000;0,0000;0,0000;0,0000;188e4e5d-fc28-4ccc-9949-d0b671f9dd3c;False;
2910;9,840035;0,0120;0,5927;0,0194;21,7054;6,5361;1,9973;True;True;0,1784;0,3724;0,2996;20,5480;48,1036;330,1031;-0,5558;0,1090;-0,0631;-172,5188;True;False;False;1,0000;1,0000;1,0000;1,0000;0,0000;0,0000;0,0000;0,0000;188e4e5d-fc28-4ccc-9949-d0b671f9dd3c;False;
2915;9,900037;0,0133;0,5927;0,0185;21,7543;6,8328;1,9269;True;True;0,1517;0,3532;0,3176;25,1458;32,8315;330,1180;0,1871;-0,2053;0,4463;-168,1269;True;False;False;1,0000;0,9449;0,8723;0,0000;0,0000;0,0000;0,0000;0,0000;188e4e5d-fc28-4ccc-9949-d0b671f9dd3c;False;
2925;10,04004;0,0095;0,5939;0,0194;21,1456;6,7362;1,8885;True;True;0,2154;0,3414;0,3299;19,9394;43,6839;344,2027;0,7082;-0,1824;0,1749;167,9958;False;False;False;0,0000;0,0000;0,0000;0,0000;0,0000;0,0000;0,0000;0,0000;;False;
2935;10,18004;0,0093;0,5929;0,0205;21,4022;7,9607;2,7567;True;True;0,2786;0,3573;0,3013;7,9192;71,8632;349,2286;0,0426;0,1639;-0,3873;-176,2220;False;False;False;0,0000;0,0000;0,0000;0,0000;0,0000;0,0000;0,0000;0,0000;;False;
2945;10,32005;0,0122;0,5928;0,0209;21,2771;8,6139;2,4652;True;True;0,3078;0,3010;0,3334;353,1435;83,4640;355,0702;-0,0971;0,1207;-0,0485;-173,0614;False;False;False;0,0000;0,0000;0,0000;0,0000;0,0000;0,0000;0,0000;0,0000;;False;
2955;10,46005;0,0131;0,5923;0,0239;21,5378;8,3701;1,9753;True;True;0,2992;0,3022;0,3301;357,7001;81,8698;348,2442;-0,0414;0,0139;0,0252;-174,0821;True;False;False;1,0000;1,0000;1,0000;1,0000;0,0000;0,0000;0,0000;0,0000;a41332d4-c821-4e7e-a87a-742bda8a38aa;False;
2965;10,60005;0,0127;0,5906;0,0256;22,3511;7,7324;2,2419;True;True;0,2475;0,3489;0,3507;5,3674;75,9087;344,5207;-0,3265;0,1536;0,0767;-174,7866;True;False;False;1,0000;1,0000;1,0000;1,0000;0,0000;0,0000;0,0000;0,0000;a41332d4-c821-4e7e-a87a-742bda8a38aa;False;
2970;10,66005;0,0115;0,5896;0,0255;22,7851;6,6229;2,0983;True;True;0,2041;0,3601;0,3296;12,2734;69,3649;341,2600;-0,9107;0,2620;-0,7392;-173,8508;True;False;False;1,0000;1,0000;1,0000;1,0000;0,0000;0,0000;0,0000;0,0000;a41332d4-c821-4e7e-a87a-742bda8a38aa;False;
2975;10,74006;0,0092;0,5882;0,0251;23,4214;5,0242;2,2689;True;True;0,1641;0,3629;0,3098;13,7078;58,8468;336,7036;-0,4255;0,0007;-0,1154;-172,4019;True;False;False;1,0000;1,0000;1,0000;1,0000;0,0000;0,0000;0,0000;0,0000;a41332d4-c821-4e7e-a87a-742bda8a38aa;False;
2980;10,80006;0,0054;0,5866;0,0245;24,1542;2,8884;2,0703;True;True;0,1319;0,3458;0,3147;17,5060;52,1100;337,0460;-0,2996;-0,4883;0,4117;-172,9468;True;False;False;1,0000;1,0000;1,0000;1,0000;0,0000;0,0000;0,0000;0,0000;a41332d4-c821-4e7e-a87a-742bda8a38aa;False;
2985;10,88006;-0,0003;0,5847;0,0240;25,1801;0,4398;1,8781;True;True;0,1286;0,3328;0,3230;16,9308;48,9129;340,2195;-0,0535;-0,0509;0,0238;-173,7278;True;False;False;0,8001;0,7422;0,8306;0,7000;0,0000;0,0000;0,0000;0,0000;a41332d4-c821-4e7e-a87a-742bda8a38aa;False;
2990;10,94006;-0,0059;0,5840;0,0245;25,5378;358,6481;1,9492;True;True;0,1336;0,3367;0,3251;16,9279;42,4161;341,6606;0,2495;0,0976;0,1379;-172,5664;False;False;False;0,0000;0,0000;0,0000;0,0000;0,0000;0,0000;0,0000;0,0000;;False;
3000;11,08006;-0,0131;0,5829;0,0259;26,0535;357,7824;2,6768;True;True;0,1958;0,3629;0,3265;17,9932;46,2142;341,2455;0,8581;0,2568;0,0791;-174,9747;False;False;False;0,0000;0,0000;0,0000;0,0000;0,0000;0,0000;0,0000;0,0000;;True;
3010;11,22007;-0,0107;0,5829;0,0280;25,9929;2,0541;4,5240;True;True;0,2628;0,3535;0,3160;13,4918;66,8576;347,0451;0,1531;-0,2314;-0,2410;-177,4161;False;False;False;0,0000;0,0000;0,0000;0,0000;0,0000;0,0000;0,0000;0,0000;;False;
3020;11,36007;-0,0049;0,5829;0,0297;25,6729;5,9385;5,4044;True;True;0,3029;0,3080;0,3080;353,2370;81,7682;6,8586;0,4418;-0,3077;0,2307;168,5792;False;False;False;0,0000;0,0000;0,0000;0,0000;0,0000;0,0000;0,0000;0,0000;;False;
3030;11,50007;0,0004;0,5833;0,0304;25,5018;7,7135;5,3626;True;True;0,3058;0,3055;0,3080;358,3435;74,4381;5,9425;-0,1179;0,1079;-0,0561;172,2140;False;False;False;0,0000;0,0000;0,0000;0,0000;0,0000;0,0000;0,0000;0,0000;;False;
3040;11,64008;0,0032;0,5844;0,0288;25,1774;8,0610;4,9796;True;True;0,2684;0,3332;0,3203;11,1949;64,2507;347,1895;-0,2997;0,1226;0,1215;176,1540;True;False;False;1,0000;1,0000;1,0000;1,0000;0,0000;0,0000;0,0000;0,0000;e37ffd8a-d9b2-45b4-a159-6ea0cbd69fac;False;
3050;11,78008;0,0049;0,5862;0,0250;24,5879;7,2693;4,1506;True;True;0,1760;0,3597;0,3029;22,6253;55,9737;337,9586;-0,2420;-0,0664;0,0074;-174,7460;True;False;False;1,0000;1,0000;1,0000;1,0000;0,0000;0,0000;0,0000;0,0000;e37ffd8a-d9b2-45b4-a159-6ea0cbd69fac;False;
3060;11,92008;0,0041;0,5878;0,0218;23,9227;6,8959;3,8600;True;True;0,1292;0,3271;0,3193;17,4860;47,3205;343,2478;-0,0837;-0,1498;0,0070;-176,0281;True;False;False;1,0000;1,0000;0,9874;0,7713;0,0000;0,0000;0,0000;0,0000;e37ffd8a-d9b2-45b4-a159-6ea0cbd69fac;False;
3065;11,98008;0,0016;0,5884;0,0223;23,4953;6,2190;3,8064;True;True;0,1323;0,3288;0,3204;17,6283;48,5946;347,5172;0,1076;0,0770;0,0007;-178,6593;True;False;False;0,8772;0,9551;0,8745;0,5470;0,0000;0,0000;0,0000;0,0000;e37ffd8a-d9b2-45b4-a159-6ea0cbd69fac;False;
3070;12,06009;-0,0003;0,5884;0,0236;23,4676;6,1472;4,0155;True;True;0,1597;0,3413;0,3172;16,4848;49,1669;343,6819;0,1997;0,1227;-0,0129;-177,6962;True;False;False;0,9509;1,0000;0,9684;0,6547;0,0000;0,0000;0,0000;0,0000;e37ffd8a-d9b2-45b4-a159-6ea0cbd69fac;False;
3075;12,12009;-0,0011;0,5877;0,0246;23,6635;6,8818;4,5186;True;True;0,2031;0,3514;0,3144;15,0192;54,5934;342,4767;0,9868;0,0454;0,0863;-176,8484;True;False;False;1,0000;1,0000;0,9001;0,4882;0,0000;0,0000;0,0000;0,0000;e37ffd8a-d9b2-45b4-a159-6ea0cbd69fac;False;
3080;12,20009;-0,0004;0,5872;0,0256;23,8079;8,0406;4,9396;True;True;0,2479;0,3537;0,2961;16,5547;62,1302;344,2660;0,3264;0,0309;-0,1972;-179,2538;True;False;False;1,0000;0,9891;0,9733;0,8049;0,0000;0,0000;0,0000;0,0000;e37ffd8a-d9b2-45b4-a159-6ea0cbd69fac;False;
3085;12,26009;0,0026;0,5870;0,0263;23,7208;9,1286;5,5413;True;True;0,2753;0,3361;0,3066;18,6650;70,6694;346,6519;0,1915;-0,0116;0,0018;-175,6957;True;False;False;1,0000;0,9532;0,9919;0,8567;0,0000;0,0000;0,0000;0,0000;e37ffd8a-d9b2-45b4-a159-6ea0cbd69fac;False;
3090;12,34009;0,0060;0,5867;0,0265;23,6520;9,9656;5,3484;True;True;0,2753;0,3381;0,2940;19,7414;70,3073;346,3193;-0,0606;0,0116;-0,0603;-177,9858;True;False;False;1,0000;0,8980;1,0000;0,9317;0,0000;0,0000;0,0000;0,0000;e37ffd8a-d9b2-45b4-a159-6ea0cbd69fac;False;
3095;12,40009;0,0091;0,5864;0,0259;23,9022;10,0554;4,8307;True;True;0,2363;0,3408;0,3090;22,2872;67,7595;343,9326;-1,1073;0,2463;0,3782;-177,0117;True;False;False;1,0000;0,9728;1,0000;0,9935;0,0000;0,0000;0,0000;0,0000;e37ffd8a-d9b2-45b4-a159-6ea0cbd69fac;False;
3105;12,5401;0,0104;0,5876;0,0245;23,5977;8,7140;3,5691;True;True;0,1337;0,3620;0,3120;20,7108;55,0129;335,5548;-1,2646;0,0988;0,2314;-171,4578;True;False;False;0,9798;0,8243;0,6411;0,4566;0,0000;0,0000;0,0000;0,0000;e37ffd8a-d9b2-45b4-a159-6ea0cbd69fac;False;
3115;12,6801;0,0015;0,5872;0,0242;23,7000;5,5692;3,1910;True;True;0,0742;0,3449;0,3377;13,3695;44,6079;340,9700;-0,3226;-0,3830;0,3421;-174,1868;True;False;False;1,0000;1,0000;1,0000;0,9800;0,0000;0,0000;0,0000;0,0000;e37ffd8a-d9b2-45b4-a159-6ea0cbd69fac;False;
3125;12,8201;-0,0076;0,5866;0,0249;23,9581;3,5980;3,2173;True;True;0,0625;0,3291;0,3684;6,9372;30,3117;353,1383;-0,0609;-0,0009;-0,1084;-170,2047;True;False;False;1,0000;1,0000;1,0000;1,0000;0,0000;0,0000;0,0000;0,0000;e37ffd8a-d9b2-45b4-a159-6ea0cbd69fac;False;
3130;12,90011;-0,0112;0,5865;0,0258;24,0155;3,1736;3,4120;True;True;0,0554;0,3392;0,3587;6,7829;32,0895;356,3845;-0,1170;0,2574;0,0021;169,9070;True;False;False;1,0000;1,0000;1,0000;1,0000;0,0000;0,0000;0,0000;0,0000;e37ffd8a-d9b2-45b4-a159-6ea0cbd69fac;False;
3140;13,04011;-0,0153;0,5854;0,0281;24,3047;3,4443;4,1894;True;True;0,0587;0,3508;0,3573;6,9237;32,2084;0,3786;0,0692;0,0705;-0,0299;169,6528;True;False;False;0,9543;0,8728;1,0000;1,0000;0,0000;0,0000;0,0000;0,0000;e37ffd8a-d9b2-45b4-a159-6ea0cbd69fac;False;
3150;13,18011;-0,0160;0,5845;0,0280;24,4946;3,8938;4,2879;True;True;0,0587;0,3550;0,3477;6,6691;31,1581;356,1418;-0,0066;-0,0473;0,0017;169,1502;True;False;False;0,8688;0,7866;1,0000;1,0000;0,0000;0,0000;0,0000;0,0000;e37ffd8a-d9b2-45b4-a159-6ea0cbd69fac;False;
3160;13,32012;-0,0184;0,5842;0,0280;24,6780;3,1385;4,3284;True;True;0,0474;0,3326;0,3566;8,0785;33,3476;342,0316;-0,2459;-0,1549;-0,0143;-171,8600;True;False;False;1,0000;0,9558;0,8645;0,0000;0,0000;0,0000;0,0000;0,0000;e37ffd8a-d9b2-45b4-a159-6ea0cbd69fac;False;
3170;13,46012;-0,0234;0,5834;0,0285;24,7408;2,5645;4,7303;True;True;0,0321;0,3099;0,3729;356,3231;28,1958;345,3259;-0,0674;-0,1023;0,1007;-165,5024;True;False;False;1,0000;1,0000;0,0000;0,0000;0,0000;0,0000;0,0000;0,0000;e37ffd8a-d9b2-45b4-a159-6ea0cbd69fac;False;
3180;13,60012;-0,0326;0,5811;0,0324;25,2841;1,6504;4,9580;True;True;0,0305;0,3111;0,3564;355,5288;26,3941;352,7620;-0,0285;-0,0029;0,0193;-166,7862;True;False;False;1,0000;1,0000;0,0000;0,0000;0,0000;0,0000;0,0000;0,0000;e37ffd8a-d9b2-45b4-a159-6ea0cbd69fac;False;
3185;13,66012;-0,0370;0,5794;0,0349;25,6112;1,2640;5,7225;True;True;0,0208;0,3354;0,3601;359,6012;29,9453;355,6673;-0,1846;0,3821;0,1194;171,8455;True;False;False;1,0000;0,9690;0,9639;0,8188;0,0000;0,0000;0,0000;0,0000;e37ffd8a-d9b2-45b4-a159-6ea0cbd69fac;False;
3190;13,74012;-0,0408;0,5777;0,0361;26,4177;1,1044;6,1547;True;True;0,0234;0,3264;0,3600;2,9204;31,8963;354,1221;0,0474;-0,1986;-0,0328;174,4983;True;False;False;1,0000;1,0000;1,0000;0,9670;0,0000;0,0000;0,0000;0,0000;e37ffd8a-d9b2-45b4-a159-6ea0cbd69fac;False;
3195;13,80013;-0,0453;0,5767;0,0378;26,3722;1,1469;6,6006;True;True;0,0218;0,2994;0,3727;0,2358;29,9001;359,9721;-0,0194;-0,3892;0,2476;171,5924;True;False;False;1,0000;1,0000;1,0000;1,0000;0,0000;0,0000;0,0000;0,0000;e37ffd8a-d9b2-45b4-a159-6ea0cbd69fac;False;
3200;13,88013;-0,0500;0,5754;0,0400;26,5880;0,6888;7,2385;True;True;0,0190;0,3054;0,3727;357,5912;26,8797;1,5920;-0,0744;0,2142;-0,0218;167,7946;True;False;False;1,0000;1,0000;1,0000;1,0000;0,0000;0,0000;0,0000;0,0000;e37ffd8a-d9b2-45b4-a159-6ea0cbd69fac;False;
3205;13,94013;-0,0520;0,5739;0,0412;27,3081;0,4404;7,4928;True;True;0,0208;0,3116;0,3642;2,0428;29,1611;356,0924;0,0845;-0,0174;-0,1867;171,5075;True;False;False;1,0000;1,0000;1,0000;1,0000;0,0000;0,0000;0,0000;0,0000;e37ffd8a-d9b2-45b4-a159-6ea0cbd69fac;False;
3210;14,02013;-0,0545;0,5732;0,0424;27,4095;0,9257;7,5272;True;True;0,0194;0,3026;0,3642;357,3417;27,9494;8,5988;-0,0405;-0,0807;0,0374;170,2027;True;False;False;1,0000;1,0000;1,0000;1,0000;0,0000;0,0000;0,0000;0,0000;e37ffd8a-d9b2-45b4-a159-6ea0cbd69fac;False;
3215;14,08013;-0,0579;0,5721;0,0436;27,3921;0,6714;7,8279;True;True;0,0206;0,3257;0,3602;357,7480;29,4464;7,2393;0,0917;0,8982;-0,3020;168,5802;True;False;False;1,0000;1,0000;1,0000;1,0000;0,0000;0,0000;0,0000;0,0000;e37ffd8a-d9b2-45b4-a159-6ea0cbd69fac;False;
3225;14,22014;-0,0589;0,5714;0,0447;27,7864;0,8557;8,3024;True;True;0,0399;0,3752;0,3686;3,4420;30,4082;4,3559;0,1695;-0,1598;0,6609;168,2988;False;False;False;0,0000;0,0000;0,0000;0,0000;0,0000;0,0000;0,0000;0,0000;;False;
3235;14,36014;-0,0568;0,5725;0,0434;27,5069;1,2372;8,3869;True;True;0,0533;0,4139;0,3519;19,9914;35,9577;10,1564;0,0695;-0,0446;0,2017;162,1207;False;False;False;0,0000;0,0000;0,0000;0,0000;0,0000;0,0000;0,0000;0,0000;;True;
3245;14,50014;-0,0545;0,5731;0,0427;27,4221;1,0377;7,8713;True;True;0,0509;0,4099;0,3591;13,7628;35,7922;4,9000;-0,0001;-0,0705;0,0127;164,1102;False;False;False;0,0000;0,0000;0,0000;0,0000;0,0000;0,0000;0,0000;0,0000;;False;
3255;14,64015;-0,0508;0,5742;0,0425;27,2366;0,9882;7,2532;True;True;0,0599;0,4122;0,3569;18,4497;32,6492;359,6579;0,0834;0,0448;-0,0416;166,0786;False;False;False;0,0000;0,0000;0,0000;0,0000;0,0000;0,0000;0,0000;0,0000;;False;
3265;14,78015;-0,0442;0,5756;0,0438;26,3022;4,6176;7,9252;True;True;0,1122;0,4135;0,3324;11,1600;40,2581;5,8496;0,4220;-0,0097;-0,1499;163,9466;False;False;False;0,0000;0,0000;0,0000;0,0000;0,0000;0,0000;0,0000;0,0000;;False;
3275;14,92015;-0,0336;0,5768;0,0458;25,3997;9,2585;8,8926;True;True;0,2623;0,3695;0,3238;357,9967;65,4175;3,7347;0,6580;-0,3035;0,0152;168,2204;False;False;False;0,0000;0,0000;0,0000;0,0000;0,0000;0,0000;0,0000;0,0000;;False;
3280;14,98015;-0,0247;0,5776;0,0451;25,0358;11,4316;8,9378;True;True;0,2995;0,3556;0,3189;352,8711;75,5937;11,4520;0,7132;-0,2722;0,1860;166,4619;False;False;False;0,0000;0,0000;0,0000;0,0000;0,0000;0,0000;0,0000;0,0000;;False;
3285;15,06015;-0,0158;0,5787;0,0436;24,8309;13,0803;8,8342;True;True;0,3299;0,3221;0,3312;351,8474;74,8788;14,8949;0,2527;-0,1682;-0,0044;166,3071;False;False;False;0,0000;0,0000;0,0000;0,0000;0,0000;0,0000;0,0000;0,0000;;False;
3290;15,12016;-0,0086;0,5799;0,0422;24,4436;13,5720;8,3704;True;True;0,3240;0,3106;0,3128;354,5140;71,1263;9,2153;-0,1640;-0,1316;-0,2458;169,3545;False;False;False;0,0000;0,0000;0,0000;0,0000;0,0000;0,0000;0,0000;0,0000;;False;
3295;15,20016;-0,0042;0,5812;0,0419;24,2448;13,1754;7,4166;True;True;0,3106;0,3132;0,3125;357,8731;71,6127;1,3595;-0,1884;0,0174;0,0598;173,8652;False;False;False;0,0000;0,0000;0,0000;0,0000;0,0000;0,0000;0,0000;0,0000;;False;
3300;15,26016;-0,0014;0,5817;0,0419;24,1219;12,4884;6,5668;True;True;0,3108;0,3111;0,3179;1,1697;71,1413;356,2997;0,0525;0,0305;0,0771;175,7201;True;False;False;1,0000;1,0000;1,0000;1,0000;0,0000;0,0000;0,0000;0,0000;02cc0c83-f9c2-4da6-8fd8-589399bb1764;False;
3305;15,34016;0,0005;0,5816;0,0409;24,2805;12,0875;6,3229;True;True;0,3063;0,3242;0,3247;3,3132;69,1714;352,7837;-0,1020;0,2002;0,1055;173,2710;True;False;False;1,0000;1,0000;1,0000;1,0000;0,0000;0,0000;0,0000;0,0000;02cc0c83-f9c2-4da6-8fd8-589399bb1764;False;
3310;15,40016;0,0009;0,5819;0,0389;24,3687;11,6414;6,3025;True;True;0,2850;0,3596;0,3266;0,2578;65,1626;348,2596;-0,5267;0,5030;-0,3885;171,7808;True;False;False;1,0000;1,0000;1,0000;1,0000;0,0000;0,0000;0,0000;0,0000;02cc0c83-f9c2-4da6-8fd8-589399bb1764;False;
3320;15,54017;-0,0004;0,5841;0,0345;23,7877;9,6308;5,2626;True;True;0,2169;0,3869;0,3224;4,0475;54,4291;337,0456;-1,0567;0,2366;-0,4152;-171,1840;True;False;False;1,0000;1,0000;1,0000;1,0000;0,0000;0,0000;0,0000;0,0000;02cc0c83-f9c2-4da6-8fd8-589399bb1764;False;
3330;15,68017;-0,0038;0,5863;0,0311;22,9243;8,4345;4,4224;True;True;0,1193;0,3721;0,3317;5,8466;35,9385;333,0294;-0,6170;-0,5693;0,8344;-167,0487;True;False;False;1,0000;1,0000;1,0000;1,0000;0,0000;0,0000;0,0000;0,0000;02cc0c83-f9c2-4da6-8fd8-589399bb1764;False;
3340;15,82017;-0,0124;0,5863;0,0314;22,8028;6,6494;4,2687;True;True;0,0797;0,3374;0,3602;9,4448;36,5730;351,7456;0,0028;-0,0012;0,3150;-173,9553;False;False;False;0,0000;0,0000;0,0000;0,0000;0,0000;0,0000;0,0000;0,0000;;False;
3350;15,96018;-0,0216;0,5853;0,0349;23,0761;5,5472;4,7571;True;True;0,0922;0,3439;0,3589;11,1479;34,2204;356,6051;0,0559;0,1948;-0,0331;167,6180;False;False;False;0,0000;0,0000;0,0000;0,0000;0,0000;0,0000;0,0000;0,0000;;True;
3360;16,10018;-0,0260;0,5834;0,0373;23,5124;6,8167;5,8308;True;True;0,1436;0,3870;0,3290;12,3718;39,3486;355,9854;0,2970;0,2234;-0,1614;167,5027;False;False;False;0,0000;0,0000;0,0000;0,0000;0,0000;0,0000;0,0000;0,0000;;False;
3370;16,24018;-0,0241;0,5823;0,0390;23,4593;10,5313;7,2319;True;True;0,2531;0,3896;0,3097;6,1232;53,1320;358,8887;0,5113;-0,1075;-0,2014;165,8649;False;False;False;0,0000;0,0000;0,0000;0,0000;0,0000;0,0000;0,0000;0,0000;;False;
3375;16,30018;-0,0198;0,5823;0,0394;23,2204;13,1166;8,2667;True;True;0,2941;0,3762;0,2965;5,9373;72,6829;6,1988;0,6646;-0,1128;-0,7238;168,5592;False;False;False;0,0000;0,0000;0,0000;0,0000;0,0000;0,0000;0,0000;0,0000;;False;
3380;16,38018;-0,0152;0,5822;0,0394;23,2365;14,4435;8,3886;True;True;0,3354;0,3362;0,3008;347,2216;73,9536;14,5153;0,4722;-0,3929;-0,0211;166,5068;False;False;False;0,0000;0,0000;0,0000;0,0000;0,0000;0,0000;0,0000;0,0000;;False;
3385;16,44019;-0,0104;0,5821;0,0392;23,2645;15,1618;8,0051;True;True;0,3427;0,3293;0,2796;347,7914;67,8524;15,3492;-0,1436;-0,1493;-0,2633;166,0506;False;False;False;0,0000;0,0000;0,0000;0,0000;0,0000;0,0000;0,0000;0,0000;;False;
3390;16,52019;-0,0065;0,5824;0,0392;23,2187;15,4268;7,6364;True;True;0,3418;0,3223;0,2854;354,6330;67,9460;13,6743;0,0071;0,0185;0,0623;165,2634;False;False;False;0,0000;0,0000;0,0000;0,0000;0,0000;0,0000;0,0000;0,0000;;False;
3395;16,58019;-0,0043;0,5822;0,0395;23,4102;14,9585;7,0647;True;True;0,3337;0,3247;0,2871;357,3599;71,0891;8,1789;-0,1214;0,0048;-0,0223;167,9929;False;False;False;0,0000;0,0000;0,0000;0,0000;0,0000;0,0000;0,0000;0,0000;;False;
3400;16,66019;-0,0033;0,5825;0,0398;23,5818;14,2492;6,5852;True;True;0,3285;0,3321;0,2964;358,5413;67,9382;356,8398;-0,0111;0,1081;0,1164;170,4627;True;False;False;1,0000;1,0000;1,0000;1,0000;0,0000;0,0000;0,0000;0,0000;602c5e27-da51-4c70-be89-dbc1108c753d;False;
3405;16,72019;-0,0035;0,5829;0,0396;23,5342;13,7173;6,3443;True;True;0,3061;0,3533;0,3121;359,9200;62,6674;349,6099;-0,9014;0,7304;0,3078;169,3844;True;False;False;1,0000;1,0000;1,0000;1,0000;0,0000;0,0000;0,0000;0,0000;602c5e27-da51-4c70-be89-dbc1108c753d;False;
3415;16,8602;-0,0088;0,5840;0,0382;23,3169;11,4923;5,9379;True;True;0,1980;0,3903;0,3140;1,4532;55,8961;345,8428;-1,7609;0,3763;-0,5113;175,3041;True;False;False;1,0000;1,0000;1,0000;1,0000;0,0000;0,0000;0,0000;0,0000;602c5e27-da51-4c70-be89-dbc1108c753d;False;
3425;17,0002;-0,0170;0,5843;0,0368;23,1858;9,2345;5,5079;True;True;0,1105;0,3781;0,3282;9,9423;41,0540;341,7268;-0,4857;-0,0628;0,1534;-176,3049;True;False;False;1,0000;1,0000;1,0000;1,0000;0,0000;0,0000;0,0000;0,0000;602c5e27-da51-4c70-be89-dbc1108c753d;False;
3435;17,1402;-0,0271;0,5843;0,0379;23,0816;7,2501;5,6930;True;True;0,0692;0,3453;0,3653;7,0736;36,6934;358,5101;-0,1550;-0,1297;0,5041;174,2877;False;False;False;0,0000;0,0000;0,0000;0,0000;0,0000;0,0000;0,0000;0,0000;;False;
3445;17,2802;-0,0357;0,5822;0,0413;23,6258;6,4393;6,2944;True;True;0,0873;0,3486;0,3634;4,6923;33,3005;0,6941;0,3420;0,1185;-0,0115;167,2396;False;False;False;0,0000;0,0000;0,0000;0,0000;0,0000;0,0000;0,0000;0,0000;;True;
3455;17,42021;-0,0381;0,5805;0,0436;24,0271;7,8038;7,3689;True;True;0,1498;0,3707;0,3411;10,9366;41,4675;354,4513;0,2139;0,0599;0,0704;168,2392;False;False;False;0,0000;0,0000;0,0000;0,0000;0,0000;0,0000;0,0000;0,0000;;False;
3460;17,48021;-0,0373;0,5808;0,0436;23,8391;8,3993;7,5204;True;True;0,1883;0,3592;0,3499;11,3059;57,4439;357,0608;0,4940;-0,1394;-0,1697;173,0511;False;False;False;0,0000;0,0000;0,0000;0,0000;0,0000;0,0000;0,0000;0,0000;;False;
3465;17,56021;-0,0345;0,5812;0,0432;23,6443;8,8155;7,4486;True;True;0,1890;0,3422;0,3325;7,5133;66,3556;0,3644;0,0156;-0,2382;-0,1168;171,6886;False;False;False;0,0000;0,0000;0,0000;0,0000;0,0000;0,0000;0,0000;0,0000;;False;
3470;17,62021;-0,0308;0,5816;0,0420;23,5970;9,3005;7,1958;True;True;0,1736;0,3225;0,3215;8,2526;63,6124;6,6831;-0,1851;-0,3961;-0,0311;168,9625;False;False;False;0,0000;0,0000;0,0000;0,0000;0,0000;0,0000;0,0000;0,0000;;False;
3475;17,70021;-0,0281;0,5821;0,0407;23,3380;9,2658;6,7207;True;True;0,1606;0,3037;0,3267;11,1204;63,7232;7,5023;-0,1228;-0,1655;0,0785;168,6843;False;False;False;0,0000;0,0000;0,0000;0,0000;0,0000;0,0000;0,0000;0,0000;;False;
3480;17,76022;-0,0272;0,5829;0,0407;23,2040;8,6081;6,0097;True;True;0,1597;0,3055;0,3338;9,1234;62,6417;358,0761;0,0567;0,2282;0,1717;172,9143;False;False;False;0,0000;0,0000;0,0000;0,0000;0,0000;0,0000;0,0000;0,0000;;False;
3485;17,84022;-0,0266;0,5837;0,0412;23,1033;8,0812;5,7354;True;True;0,1677;0,3282;0,3385;11,3889;61,7377;348,0518;0,0678;0,2271;-0,0142;176,8022;True;False;False;1,0000;1,0000;1,0000;1,0000;0,0000;0,0000;0,0000;0,0000;351c8fb8-fcc0-4198-8daa-31c8134fd739;False;
3490;17,90022;-0,0251;0,5837;0,0407;23,1610;8,2282;5,7622;True;True;0,1686;0,3536;0,3473;8,4635;60,0552;340,2888;0,0119;0,4081;0,3346;-178,2496;True;False;False;1,0000;1,0000;1,0000;1,0000;0,0000;0,0000;0,0000;0,0000;351c8fb8-fcc0-4198-8daa-31c8134fd739;False;
3500;18,04022;-0,0229;0,5849;0,0379;22,9046;7,5494;5,1002;True;True;0,1243;0,3918;0,3283;8,1761;51,5701;331,4846;-0,9297;0,0592;-0,5321;-174,3062;True;False;False;1,0000;1,0000;1,0000;0,7482;0,0000;0,0000;0,0000;0,0000;351c8fb8-fcc0-4198-8daa-31c8134fd739;False;
3510;18,18023;-0,0224;0,5857;0,0355;22,6350;6,7772;4,6431;True;True;0,0838;0,3595;0,3349;18,8990;39,9691;343,6899;-0,1842;-0,2528;0,2649;-175,7840;True;False;False;0,9643;1,0000;0,9708;0,7312;0,0000;0,0000;0,0000;0,0000;351c8fb8-fcc0-4198-8daa-31c8134fd739;False;
3520;18,32023;-0,0265;0,5850;0,0356;22,8424;5,7444;4,7634;True;True;0,0821;0,3398;0,3478;19,2237;35,8715;356,6689;0,0692;-0,0212;0,0175;169,5271;False;False;False;0,0000;0,0000;0,0000;0,0000;0,0000;0,0000;0,0000;0,0000;;True;
3530;18,46023;-0,0298;0,5843;0,0369;23,1136;6,0118;5,3510;True;True;0,1228;0,3623;0,3338;17,9258;37,4017;350,9484;0,4719;0,1501;-0,1156;169,1049;False;False;False;0,0000;0,0000;0,0000;0,0000;0,0000;0,0000;0,0000;0,0000;;False;
3540;18,60023;-0,0300;0,5838;0,0386;23,0687;7,6203;6,1232;True;True;0,1926;0,3745;0,3193;18,4471;53,2296;353,8414;0,4559;0,0439;-0,1406;172,3500;False;False;False;0,0000;0,0000;0,0000;0,0000;0,0000;0,0000;0,0000;0,0000;;False;
3550;18,74024;-0,0253;0,5836;0,0393;23,0197;9,0982;6,2250;True;True;0,2058;0,3350;0,2871;4,1932;62,3664;13,0968;0,0608;-0,1401;-0,0888;168,6547;False;False;False;0,0000;0,0000;0,0000;0,0000;0,0000;0,0000;0,0000;0,0000;;False;
3555;18,80024;-0,0228;0,5835;0,0391;23,0233;9,3628;5,9922;True;True;0,1955;0,3126;0,2775;3,8326;66,7110;20,3603;-0,1545;-0,4299;-0,1309;163,6658;False;False;False;0,0000;0,0000;0,0000;0,0000;0,0000;0,0000;0,0000;0,0000;;False;
3560;18,88024;-0,0214;0,5837;0,0390;23,0170;9,1078;5,6244;True;True;0,1993;0,3112;0,2828;3,8671;63,5544;9,2160;0,1239;0,0125;0,1499;164,5627;False;False;False;0,0000;0,0000;0,0000;0,0000;0,0000;0,0000;0,0000;0,0000;;False;
3565;18,94024;-0,0207;0,5842;0,0391;23,0793;8,7164;5,2036;True;True;0,2029;0,3308;0,2983;5,7318;60,6454;352,6495;-0,1064;0,6319;0,1110;173,2435;True;False;False;1,0000;1,0000;1,0000;1,0000;0,0000;0,0000;0,0000;0,0000;862687ea-afed-43d9-83dc-023671c3804e;False;
3570;19,02024;-0,0206;0,5849;0,0389;22,9383;8,3954;5,0844;True;True;0,1810;0,3849;0,2766;12,0016;61,7379;344,8299;-0,1239;0,3864;-0,1891;175,0799;True;False;False;1,0000;1,0000;1,0000;1,0000;0,0000;0,0000;0,0000;0,0000;862687ea-afed-43d9-83dc-023671c3804e;False;
3575;19,08025;-0,0202;0,5852;0,0377;22,8823;8,3916;5,1445;True;True;0,1734;0,3927;0,2795;14,2396;59,2432;338,4725;-0,3179;0,1020;0,2892;-174,7036;True;False;False;1,0000;1,0000;1,0000;0,0000;0,0000;0,0000;0,0000;0,0000;862687ea-afed-43d9-83dc-023671c3804e;False;
3580;19,16025;-0,0196;0,5855;0,0361;22,7688;8,2154;5,0597;True;True;0,1542;0,4018;0,2899;14,4246;56,2384;336,8042;-0,2303;0,1001;0,0362;-176,1060;True;False;False;1,0000;1,0000;1,0000;1,0000;0,0000;0,0000;0,0000;0,0000;862687ea-afed-43d9-83dc-023671c3804e;False;
3585;19,22025;-0,0192;0,5863;0,0345;22,5916;7,9495;4,7304;True;True;0,1188;0,3900;0,2970;13,4239;50,7359;335,3504;-0,8575;-0,2432;-0,0308;-176,2285;True;False;False;1,0000;1,0000;1,0000;1,0000;0,0000;0,0000;0,0000;0,0000;862687ea-afed-43d9-83dc-023671c3804e;False;
3595;19,36025;-0,0217;0,5865;0,0336;22,3858;7,1203;4,4153;True;True;0,0802;0,3382;0,3163;14,9055;37,2255;343,1637;0,3409;0,1116;-0,0375;174,0500;False;False;False;0,0000;0,0000;0,0000;0,0000;0,0000;0,0000;0,0000;0,0000;;False;
3605;19,50026;-0,0277;0,5857;0,0365;22,6078;6,3797;4,7634;True;True;0,1166;0,3492;0,3264;13,5186;33,6236;346,7490;0,2629;0,0986;0,0168;168,3612;False;False;False;0,0000;0,0000;0,0000;0,0000;0,0000;0,0000;0,0000;0,0000;;True;
3615;19,64026;-0,0278;0,5850;0,0375;22,6885;8,1757;5,5971;True;True;0,2307;0,3683;0,3439;10,6886;55,9712;354,0199;0,5078;-0,0104;-0,2334;172,6064;False;False;False;0,0000;0,0000;0,0000;0,0000;0,0000;0,0000;0,0000;0,0000;;False;
3625;19,78026;-0,0244;0,5851;0,0387;22,4370;9,7504;5,9984;True;True;0,2700;0,3385;0,3099;348,9078;78,0710;4,0086;0,0896;-0,6922;0,6417;171,8683;False;False;False;0,0000;0,0000;0,0000;0,0000;0,0000;0,0000;0,0000;0,0000;;False;
3635;19,92027;-0,0200;0,5852;0,0387;22,3798;10,2103;5,5381;True;True;0,2870;0,3244;0,3189;355,8733;80,0869;4,8365;-0,0304;-0,0098;0,0928;170,1431;False;False;False;0,0000;0,0000;0,0000;0,0000;0,0000;0,0000;0,0000;0,0000;;False;
3645;20,06027;-0,0173;0,5861;0,0393;22,3661;9,4848;4,9111;True;True;0,2470;0,3698;0,3476;1,1367;68,3835;346,6427;-0,3369;0,2566;0,1323;176,7208;True;False;False;1,0000;1,0000;1,0000;1,0000;0,0000;0,0000;0,0000;0,0000;6ab6664c-44d0-4883-8981-9ca47982259b;False;
3650;20,12027;-0,0167;0,5859;0,0394;22,4585;9,1746;4,8054;True;True;0,2073;0,3887;0,3422;7,1573;63,7068;340,8538;-0,4829;0,1437;0,0575;178,7554;True;False;False;1,0000;1,0000;1,0000;1,0000;0,0000;0,0000;0,0000;0,0000;6ab6664c-44d0-4883-8981-9ca47982259b;False;
3655;20,20027;-0,0166;0,5861;0,0397;22,4107;8,7691;4,6056;True;True;0,1560;0,4020;0,3234;14,9423;51,5466;335,1900;-0,6232;0,1806;-0,3089;-176,5427;True;False;False;1,0000;1,0000;1,0000;1,0000;0,0000;0,0000;0,0000;0,0000;6ab6664c-44d0-4883-8981-9ca47982259b;False;
3660;20,26027;-0,0171;0,5859;0,0397;22,5258;8,2237;4,3198;True;True;0,1142;0,3863;0,3297;14,7837;41,9062;339,0542;-0,7011;-0,3609;-0,0596;-176,1169;True;False;False;1,0000;1,0000;1,0000;1,0000;0,0000;0,0000;0,0000;0,0000;6ab6664c-44d0-4883-8981-9ca47982259b;False;
3665;20,34027;-0,0182;0,5854;0,0395;22,6618;7,8002;4,2886;True;True;0,0906;0,3645;0,3276;19,7938;39,3531;349,6436;-0,1637;-0,1768;0,1583;177,3849;True;False;False;1,0000;1,0000;1,0000;0,9452;0,0000;0,0000;0,0000;0,0000;6ab6664c-44d0-4883-8981-9ca47982259b;False;
3670;20,40028;-0,0213;0,5849;0,0403;22,6921;7,2505;4,0259;True;True;0,0908;0,3565;0,3348;13,8064;36,8518;353,2060;0,0396;-0,0353;0,2517;172,8051;False;False;False;0,0000;0,0000;0,0000;0,0000;0,0000;0,0000;0,0000;0,0000;;False;
3675;20,48028;-0,0246;0,5843;0,0416;22,9398;6,8712;4,1846;True;True;0,1084;0,3559;0,3322;14,3336;38,1119;346,7570;0,2444;-0,0287;-0,0525;172,8831;False;False;False;0,0000;0,0000;0,0000;0,0000;0,0000;0,0000;0,0000;0,0000;;True;
3680;20,54028;-0,0271;0,5837;0,0426;23,1338;7,3989;4,6762;True;True;0,1519;0,3617;0,3501;15,5241;39,1469;341,3492;1,1479;0,2299;0,4667;170,3353;False;False;False;0,0000;0,0000;0,0000;0,0000;0,0000;0,0000;0,0000;0,0000;;False;
3690;20,68028;-0,0275;0,5824;0,0442;23,1442;9,8950;6,1602;True;True;0,2273;0,3775;0,2878;12,7534;56,0525;355,5994;0,4301;0,1501;-0,5617;171,7949;False;False;False;0,0000;0,0000;0,0000;0,0000;0,0000;0,0000;0,0000;0,0000;;False;
3700;20,82029;-0,0219;0,5824;0,0428;23,0193;11,8473;6,3748;True;True;0,2810;0,3339;0,2776;357,7177;67,8277;14,1547;0,3964;-0,4317;0,2082;167,1071;False;False;False;0,0000;0,0000;0,0000;0,0000;0,0000;0,0000;0,0000;0,0000;;False;
3710;20,96029;-0,0172;0,5830;0,0417;22,8312;11,9212;5,8013;True;True;0,2842;0,3201;0,2779;1,2977;65,8301;6,9170;-0,0513;0,0456;0,0687;168,1234;True;False;False;1,0000;1,0000;1,0000;1,0000;0,0000;0,0000;0,0000;0,0000;c237dea2-aa8e-4480-a287-9e66a2439077;False;
3720;21,10029;-0,0158;0,5832;0,0421;23,0381;11,0827;5,3027;True;True;0,2256;0,3789;0,2907;7,0714;60,7618;349,2899;-0,4395;0,0486;0,1053;173,5033;True;False;False;1,0000;1,0000;1,0000;1,0000;0,0000;0,0000;0,0000;0,0000;c237dea2-aa8e-4480-a287-9e66a2439077;False;
3730;21,2403;-0,0191;0,5836;0,0421;23,0312;9,1121;4,6578;True;True;0,1583;0,3817;0,3220;11,4483;46,5885;337,7404;-0,2771;-0,1440;0,1294;177,9356;True;False;False;1,0000;1,0000;1,0000;1,0000;0,0000;0,0000;0,0000;0,0000;c237dea2-aa8e-4480-a287-9e66a2439077;False;
3735;21,3003;-0,0215;0,5838;0,0423;22,9438;8,1127;4,4589;True;True;0,1074;0,3689;0,3460;7,9559;40,2516;338,3037;-0,8058;-0,1961;0,4748;-172,0868;True;False;False;1,0000;1,0000;1,0000;1,0000;0,0000;0,0000;0,0000;0,0000;c237dea2-aa8e-4480-a287-9e66a2439077;False;
3740;21,3803;-0,0247;0,5836;0,0429;23,0340;7,1529;4,5233;True;True;0,0759;0,3571;0,3511;13,7522;40,0126;348,9927;-0,3315;-0,1094;0,1315;-175,6774;True;False;False;1,0000;1,0000;1,0000;1,0000;0,0000;0,0000;0,0000;0,0000;c237dea2-aa8e-4480-a287-9e66a2439077;False;
3745;21,4403;-0,0279;0,5832;0,0440;23,1011;6,5351;4,5864;True;True;0,0715;0,3489;0,3592;9,9955;39,5512;355,6822;0,0304;-0,0341;0,0078;173,9806;False;False;False;0,0000;0,0000;0,0000;0,0000;0,0000;0,0000;0,0000;0,0000;;False;
3750;21,5203;-0,0306;0,5825;0,0453;23,3477;6,3446;4,7262;True;True;0,0815;0,3517;0,3561;6,4475;39,7801;356,4842;0,1417;0,0185;-0,0136;172,0526;False;False;False;0,0000;0,0000;0,0000;0,0000;0,0000;0,0000;0,0000;0,0000;;True;
3755;21,5803;-0,0320;0,5817;0,0464;23,5414;6,6800;5,1164;True;True;0,1114;0,3612;0,3480;5,4131;39,9921;353,5789;0,8391;0,2652;-0,3333;171,1178;False;False;False;0,0000;0,0000;0,0000;0,0000;0,0000;0,0000;0,0000;0,0000;;False;
3760;21,66031;-0,0322;0,5812;0,0470;23,6091;7,7085;5,6913;True;True;0,1751;0,3657;0,3464;12,2274;44,0049;351,7867;0,5005;0,0306;-0,0115;168,5799;False;False;False;0,0000;0,0000;0,0000;0,0000;0,0000;0,0000;0,0000;0,0000;;False;
3765;21,72031;-0,0303;0,5811;0,0472;23,4949;9,1802;6,2820;True;True;0,2260;0,3691;0,3308;15,4735;53,0391;354,9243;0,7787;-0,0191;-0,1938;168,1432;False;False;False;0,0000;0,0000;0,0000;0,0000;0,0000;0,0000;0,0000;0,0000;;False;
3770;21,80031;-0,0270;0,5817;0,0470;23,1751;10,6670;6,6549;True;True;0,2750;0,3553;0,3023;6,0757;63,0871;0,3771;0,4541;-0,1130;-0,3206;167,5760;False;False;False;0,0000;0,0000;0,0000;0,0000;0,0000;0,0000;0,0000;0,0000;;False;
3775;21,86031;-0,0228;0,5820;0,0462;22,9679;11,7566;6,5972;True;True;0,2912;0,3292;0,2916;356,7306;70,5624;5,0860;0,4728;-0,5650;0,2310;171,0828;False;False;False;0,0000;0,0000;0,0000;0,0000;0,0000;0,0000;0,0000;0,0000;;False;
3785;22,00031;-0,0160;0,5827;0,0448;22,8085;12,2697;5,9742;True;True;0,3076;0,3123;0,2998;356,3278;67,5973;8,5361;-0,3627;0,2021;0,0218;168,5733;False;False;False;0,0000;0,0000;0,0000;0,0000;0,0000;0,0000;0,0000;0,0000;;False;
3795;22,14032;-0,0140;0,5835;0,0443;22,9233;11,2805;5,2867;True;True;0,2568;0,3581;0,3192;4,0263;61,1845;349,1307;-0,5566;0,3914;0,1309;172,0094;True;False;False;1,0000;1,0000;1,0000;1,0000;0,0000;0,0000;0,0000;0,0000;afcacaf6-1e79-48be-9b9c-499fb905f1d5;False;
3805;22,28032;-0,0186;0,5836;0,0445;22,9058;9,2726;4,8681;True;True;0,1675;0,3772;0,3343;13,8465;52,4327;343,5469;-0,2008;-0,2069;0,0206;176,0107;True;False;False;1,0000;1,0000;1,0000;1,0000;0,0000;0,0000;0,0000;0,0000;afcacaf6-1e79-48be-9b9c-499fb905f1d5;False;
3815;22,42032;-0,0261;0,5826;0,0449;23,2361;7,2081;4,7229;True;True;0,0794;0,3414;0,3526;9,7984;35,8017;341,7422;-0,3440;-0,1813;0,1129;-173,8630;True;False;False;1,0000;1,0000;1,0000;1,0000;0,0000;0,0000;0,0000;0,0000;afcacaf6-1e79-48be-9b9c-499fb905f1d5;False;
3825;22,56033;-0,0352;0,5815;0,0459;23,5095;5,4812;4,8499;True;True;0,0539;0,3241;0,3735;9,8303;34,3851;359,8260;0,0681;0,0273;0,0093;172,3576;False;False;False;0,0000;0,0000;0,0000;0,0000;0,0000;0,0000;0,0000;0,0000;;True;
3830;22,62033;-0,0392;0,5809;0,0468;23,6383;5,0834;5,2219;True;True;0,0647;0,3294;0,3727;8,3430;33,4538;0,6538;0,3645;0,2459;-0,1385;168,8469;False;False;False;0,0000;0,0000;0,0000;0,0000;0,0000;0,0000;0,0000;0,0000;;False;
3835;22,70033;-0,0418;0,5802;0,0473;23,8231;5,2310;5,7036;True;True;0,0910;0,3469;0,3706;7,7345;35,1504;358,9955;0,1951;0,1600;0,0430;167,9850;False;False;False;0,0000;0,0000;0,0000;0,0000;0,0000;0,0000;0,0000;0,0000;;False;
3840;22,76033;-0,0431;0,5800;0,0476;23,7265;5,8707;6,1975;True;True;0,1528;0,3597;0,3550;8,3785;38,2330;355,9563;1,3251;-0,0336;-0,4410;166,2403;False;False;False;0,0000;0,0000;0,0000;0,0000;0,0000;0,0000;0,0000;0,0000;;False;
3845;22,84033;-0,0424;0,5802;0,0480;23,4432;6,9394;6,7064;True;True;0,2117;0,3708;0,3425;11,9007;45,8874;353,9486;0,5576;0,1007;-0,1139;166,4019;False;False;False;0,0000;0,0000;0,0000;0,0000;0,0000;0,0000;0,0000;0,0000;;False;
3850;22,90033;-0,0384;0,5807;0,0479;23,1721;8,5785;7,1367;True;True;0,2579;0,3635;0,3277;9,5883;55,1222;354,0770;0,7932;-0,2183;-0,4319;168,7925;False;False;False;0,0000;0,0000;0,0000;0,0000;0,0000;0,0000;0,0000;0,0000;;False;
3855;22,98034;-0,0327;0,5816;0,0470;22,8101;10,1589;7,1911;True;True;0,2833;0,3577;0,3134;4,8880;66,4541;359,4413;0,2233;-0,0674;-0,1213;170,9706;False;False;False;0,0000;0,0000;0,0000;0,0000;0,0000;0,0000;0,0000;0,0000;;False;
3860;23,04034;-0,0274;0,5822;0,0458;22,6617;11,0452;6,9107;True;True;0,3184;0,3181;0,3327;353,4687;72,0405;7,2033;0,4836;-0,3798;0,0444;170,0566;False;False;False;0,0000;0,0000;0,0000;0,0000;0,0000;0,0000;0,0000;0,0000;;False;
3870;23,18034;-0,0231;0,5830;0,0453;22,6088;10,0961;5,8903;True;True;0,2957;0,3312;0,3289;356,8146;70,0531;3,3653;-0,2713;0,3830;0,2684;171,8485;True;False;False;1,0000;1,0000;1,0000;1,0000;0,0000;0,0000;0,0000;0,0000;7fdab87f-aaa4-4cce-855e-99b38889bdd3;False;
3880;23,32034;-0,0224;0,5830;0,0448;22,8771;9,1863;5,4024;True;True;0,2101;0,3739;0,3535;0,8009;63,1099;348,2937;-0,7648;0,0667;0,1171;176,2848;True;False;False;1,0000;1,0000;1,0000;1,0000;0,0000;0,0000;0,0000;0,0000;7fdab87f-aaa4-4cce-855e-99b38889bdd3;False;
3890;23,46035;-0,0284;0,5837;0,0434;22,7556;7,1155;4,8882;True;True;0,1052;0,3702;0,3617;7,9354;44,9483;336,9565;-0,4458;-0,0662;0,0393;-175,7321;True;False;False;1,0000;1,0000;1,0000;1,0000;0,0000;0,0000;0,0000;0,0000;7fdab87f-aaa4-4cce-855e-99b38889bdd3;False;
3900;23,60035;-0,0376;0,5830;0,0436;22,9505;5,0221;5,0832;True;True;0,0440;0,3243;0,3657;9,6548;35,4172;351,9342;-0,0459;-0,2284;0,2704;-174,1158;True;False;False;1,0000;1,0000;1,0000;0,8786;0,0000;0,0000;0,0000;0,0000;7fdab87f-aaa4-4cce-855e-99b38889bdd3;False;
3910;23,74035;-0,0434;0,5820;0,0455;23,2781;4,2536;5,6003;True;True;0,0593;0,3254;0,3741;7,9885;33,7866;358,5746;0,1734;0,0786;-0,0186;168,8055;False;False;False;0,0000;0,0000;0,0000;0,0000;0,0000;0,0000;0,0000;0,0000;;True;
3915;23,80035;-0,0431;0,5814;0,0457;23,5031;4,8033;5,9318;True;True;0,1007;0,3483;0,3662;9,7145;34,5579;355,2801;0,8983;0,4058;-0,2674;166,8934;False;False;False;0,0000;0,0000;0,0000;0,0000;0,0000;0,0000;0,0000;0,0000;;False;
3920;23,88036;-0,0407;0,5818;0,0452;23,3498;5,7395;6,2266;True;True;0,1380;0,3636;0,3480;11,4002;41,2818;351,9788;0,3522;0,1062;-0,2129;168,7707;False;False;False;0,0000;0,0000;0,0000;0,0000;0,0000;0,0000;0,0000;0,0000;;False;
3925;23,94036;-0,0377;0,5823;0,0444;23,1765;6,7858;6,3433;True;True;0,1777;0,3468;0,3682;14,1657;54,0134;353,4366;0,7752;-0,3811;0,2132;172,2553;False;False;False;0,0000;0,0000;0,0000;0,0000;0,0000;0,0000;0,0000;0,0000;;False;
3930;24,02036;-0,0346;0,5829;0,0439;22,8949;7,3493;6,2976;True;True;0,1966;0,3330;0,3422;3,9545;62,7272;0,1582;0,1346;-0,1703;-0,1404;174,3215;False;False;False;0,0000;0,0000;0,0000;0,0000;0,0000;0,0000;0,0000;0,0000;;False;
3935;24,08036;-0,0315;0,5829;0,0430;22,9351;7,5866;5,9764;True;True;0,2033;0,3235;0,3347;0,6775;63,5581;14,4803;-0,0597;-0,1144;-0,2495;170,8409;False;False;False;0,0000;0,0000;0,0000;0,0000;0,0000;0,0000;0,0000;0,0000;;False;
3940;24,16036;-0,0290;0,5830;0,0422;22,8663;7,6420;5,6480;True;True;0,1989;0,3007;0,3286;4,6641;65,9319;13,9192;-0,0040;-0,1869;-0,0090;168,2570;False;False;False;0,0000;0,0000;0,0000;0,0000;0,0000;0,0000;0,0000;0,0000;;False;
3945;24,22036;-0,0274;0,5834;0,0420;22,9130;7,2426;5,3327;True;True;0,1973;0,3085;0,3430;5,8410;62,1444;5,4946;-0,0552;0,2386;0,5879;169,7793;False;False;False;0,0000;0,0000;0,0000;0,0000;0,0000;0,0000;0,0000;0,0000;;False;
3955;24,36037;-0,0269;0,5849;0,0415;22,6964;6,4949;4,7786;True;True;0,1486;0,3776;0,3307;8,1087;53,4954;340,2560;-0,6333;0,3923;0,2742;-178,5342;True;False;False;1,0000;1,0000;1,0000;1,0000;0,0000;0,0000;0,0000;0,0000;3e0a4ce4-e99d-4517-9610-8186472c27ce;False;
3965;24,50037;-0,0291;0,5850;0,0399;22,6862;5,4524;4,6784;True;True;0,0986;0,3863;0,3330;1,3447;40,4793;333,7326;-0,6811;-0,1437;-0,0644;-169,4408;True;False;False;1,0000;1,0000;1,0000;1,0000;0,0000;0,0000;0,0000;0,0000;3e0a4ce4-e99d-4517-9610-8186472c27ce;False;
3975;24,64037;-0,0324;0,5857;0,0383;22,3968;4,7094;4,6787;True;True;0,0699;0,3716;0,3505;6,0707;36,6072;351,1816;-0,0007;-0,1884;0,1267;173,9185;True;False;False;0,8979;0,9746;0,9000;0,7500;0,0000;0,0000;0,0000;0,0000;3e0a4ce4-e99d-4517-9610-8186472c27ce;False;
3985;24,78038;-0,0365;0,5856;0,0395;22,3770;4,0511;4,6836;True;True;0,0727;0,3637;0,3575;7,4200;35,9878;352,9060;0,1525;0,0009;-0,0260;172,4009;False;False;False;0,0000;0,0000;0,0000;0,0000;0,0000;0,0000;0,0000;0,0000;;True;
3995;24,92038;-0,0373;0,5844;0,0409;22,7527;4,9220;5,1902;True;True;0,1113;0,3781;0,3457;7,6034;38,9682;348,1708;0,3061;0,0752;-0,2094;171,0282;False;False;False;0,0000;0,0000;0,0000;0,0000;0,0000;0,0000;0,0000;0,0000;;False;
4000;24,98038;-0,0368;0,5842;0,0417;22,7312;5,5724;5,3228;True;True;0,1483;0,3691;0,3354;9,7654;45,7330;347,8427;0,6073;-0,3263;0,0776;172,0309;False;False;False;0,0000;0,0000;0,0000;0,0000;0,0000;0,0000;0,0000;0,0000;;False;
4005;25,06038;-0,0356;0,5840;0,0431;22,6808;5,9418;5,4725;True;True;0,1677;0,3610;0,3123;6,1952;57,7930;355,8154;0,1746;-0,0524;-0,3158;175,6071;False;False;False;0,0000;0,0000;0,0000;0,0000;0,0000;0,0000;0,0000;0,0000;;False;
4010;25,12038;-0,0334;0,5834;0,0438;22,8967;6,4393;5,5066;True;True;0,1685;0,3510;0,2869;2,5119;61,6852;10,9530;-0,0827;0,0507;-0,2927;167,7427;False;False;False;0,0000;0,0000;0,0000;0,0000;0,0000;0,0000;0,0000;0,0000;;False;
4015;25,20039;-0,0306;0,5831;0,0437;23,0132;7,0513;5,4610;True;True;0,1589;0,3409;0,2792;2,5402;60,1862;20,5641;-0,1146;-0,1187;-0,0625;161,2047;False;False;False;0,0000;0,0000;0,0000;0,0000;0,0000;0,0000;0,0000;0,0000;;False;
4020;25,26039;-0,0286;0,5834;0,0439;22,8629;7,0450;5,1902;True;True;0,1607;0,3269;0,2907;5,1942;59,0326;16,6775;0,1492;-0,0892;0,1073;161,9531;False;False;False;0,0000;0,0000;0,0000;0,0000;0,0000;0,0000;0,0000;0,0000;;False;
4025;25,34039;-0,0270;0,5838;0,0439;22,9574;6,8102;4,7910;True;True;0,1637;0,3414;0,2916;8,2385;56,4675;7,6308;-0,0192;0,2468;0,0216;166,4136;False;False;False;0,0000;0,0000;0,0000;0,0000;0,0000;0,0000;0,0000;0,0000;;False;
4030;25,40039;-0,0253;0,5845;0,0437;22,7223;6,9411;4,7034;True;True;0,1473;0,3646;0,2989;9,2019;55,5112;357,8954;-0,3710;0,2605;0,4301;170,7722;True;False;False;1,0000;1,0000;1,0000;1,0000;0,0000;0,0000;0,0000;0,0000;bbf58366-1e0b-436b-aa73-0722a33fed34;False;
4035;25,48039;-0,0247;0,5850;0,0434;22,6070;6,7935;4,4883;True;True;0,1309;0,3702;0,3092;7,8592;52,1781;348,5957;-0,1639;0,0055;-0,1587;175,0750;True;False;False;1,0000;1,0000;1,0000;1,0000;0,0000;0,0000;0,0000;0,0000;bbf58366-1e0b-436b-aa73-0722a33fed34;False;
4040;25,54039;-0,0256;0,5854;0,0435;22,5143;6,0939;4,1981;True;True;0,1105;0,3623;0,3222;6,7179;47,3787;340,6224;-0,4980;-0,0884;0,1075;-178,3326;True;False;False;1,0000;1,0000;1,0000;1,0000;0,0000;0,0000;0,0000;0,0000;bbf58366-1e0b-436b-aa73-0722a33fed34;False;
4050;25,6804;-0,0282;0,5851;0,0435;22,7043;5,1956;4,0254;True;True;0,0940;0,3602;0,3192;6,7762;42,3663;344,8228;0,0046;0,0715;-0,0751;176,6485;False;False;False;0,0000;0,0000;0,0000;0,0000;0,0000;0,0000;0,0000;0,0000;;False;
4060;25,8204;-0,0290;0,5847;0,0431;22,6937;5,7595;4,3825;True;True;0,1265;0,3609;0,3145;6,0214;41,1431;345,2402;0,3103;0,1548;-0,1764;174,4178;False;False;False;0,0000;0,0000;0,0000;0,0000;0,0000;0,0000;0,0000;0,0000;;True;
4070;25,9604;-0,0280;0,5848;0,0432;22,5004;7,1613;4,8018;True;True;0,2050;0,3634;0,3061;6,8355;49,2043;344,8157;0,4168;-0,0319;-0,2004;172,1733;False;False;False;0,0000;0,0000;0,0000;0,0000;0,0000;0,0000;0,0000;0,0000;;False;
4080;26,10041;-0,0256;0,5844;0,0437;22,4067;8,6858;5,1380;True;True;0,2648;0,3344;0,2870;355,5873;67,7277;358,4046;0,2702;-0,3941;0,1156;174,7645;False;False;False;0,0000;0,0000;0,0000;0,0000;0,0000;0,0000;0,0000;0,0000;;False;
4090;26,24041;-0,0227;0,5841;0,0441;22,5067;9,1005;4,9259;True;True;0,3074;0,3006;0,3116;353,0576;74,2230;8,9317;0,2328;-0,1676;0,4840;167,5662;False;False;False;0,0000;0,0000;0,0000;0,0000;0,0000;0,0000;0,0000;0,0000;;False;
4095;26,30041;-0,0214;0,5843;0,0441;22,5500;8,8590;4,7503;True;True;0,2836;0,3244;0,2980;355,1825;70,7120;2,9793;-0,5037;0,5592;-0,2573;171,8452;False;False;False;0,0000;0,0000;0,0000;0,0000;0,0000;0,0000;0,0000;0,0000;;False;
4100;26,38041;-0,0204;0,5844;0,0436;22,6302;8,6660;4,4670;True;True;0,2707;0,3364;0,3102;355,4008;66,0943;352,7151;-0,1850;0,1062;0,1091;174,0744;True;False;False;1,0000;1,0000;1,0000;1,0000;0,0000;0,0000;0,0000;0,0000;af0974d6-03e0-4e4f-b35c-4468f443afe1;False;
4105;26,44041;-0,0200;0,5849;0,0428;22,4944;8,4396;4,2912;True;True;0,2053;0,3790;0,2994;0,1518;63,8578;346,8963;-1,6125;1,1335;-0,7171;178,1428;True;False;False;1,0000;1,0000;1,0000;1,0000;0,0000;0,0000;0,0000;0,0000;af0974d6-03e0-4e4f-b35c-4468f443afe1;False;
4110;26,52042;-0,0211;0,5854;0,0424;22,3407;7,7117;4,1259;True;True;0,1764;0,3672;0,3254;13,1878;63,4507;343,7064;-0,2513;-0,1113;0,2031;-174,8355;True;False;False;1,0000;1,0000;1,0000;1,0000;0,0000;0,0000;0,0000;0,0000;af0974d6-03e0-4e4f-b35c-4468f443afe1;False;
4115;26,58042;-0,0221;0,5855;0,0418;22,3212;7,0962;3,8626;True;True;0,1484;0,3613;0,3374;12,2113;46,0781;333,9462;-0,7500;-0,0915;0,1343;-177,1802;True;False;False;1,0000;1,0000;1,0000;1,0000;0,0000;0,0000;0,0000;0,0000;af0974d6-03e0-4e4f-b35c-4468f443afe1;False;
4120;26,66042;-0,0235;0,5856;0,0411;22,4161;6,6316;3,9189;True;True;0,1029;0,3453;0,3407;9,1972;36,2443;332,5157;-0,3705;-0,1446;-0,0270;-168,3435;True;False;False;1,0000;1,0000;1,0000;1,0000;0,0000;0,0000;0,0000;0,0000;af0974d6-03e0-4e4f-b35c-4468f443afe1;False;
4125;26,72042;-0,0254;0,5856;0,0405;22,3875;6,1680;3,9224;True;True;0,0895;0,3501;0,3318;12,4066;36,7213;346,1523;-0,1693;0,0237;-0,0488;-172,9902;False;False;False;0,0000;0,0000;0,0000;0,0000;0,0000;0,0000;0,0000;0,0000;;False;
4135;26,86042;-0,0294;0,5854;0,0412;22,3275;5,6059;4,1389;True;True;0,0993;0,3333;0,3445;14,0769;34,7063;345,2570;0,1311;0,1893;-0,1018;170,7705;False;False;False;0,0000;0,0000;0,0000;0,0000;0,0000;0,0000;0,0000;0,0000;;True;
4145;27,00043;-0,0305;0,5846;0,0423;22,5979;6,2966;4,5573;True;True;0,1491;0,3518;0,3247;14,3994;51,4898;344,3778;0,5833;-0,0330;-0,1762;-175,5171;False;False;False;0,0000;0,0000;0,0000;0,0000;0,0000;0,0000;0,0000;0,0000;;False;
4155;27,14043;-0,0274;0,5848;0,0426;22,4178;7,2552;4,6878;True;True;0,1709;0,3155;0,3356;7,4876;69,1896;354,7218;-0,1764;-0,0467;0,0392;171,7701;False;False;False;0,0000;0,0000;0,0000;0,0000;0,0000;0,0000;0,0000;0,0000;;False;
4165;27,28043;-0,0256;0,5848;0,0436;22,4464;6,6614;4,0735;True;True;0,1572;0,2975;0,3532;7,2997;68,0461;0,8909;-0,0797;0,0960;0,0950;170,3376;False;False;False;0,0000;0,0000;0,0000;0,0000;0,0000;0,0000;0,0000;0,0000;;False;
4175;27,42044;-0,0262;0,5843;0,0454;22,7812;6,0781;3,8897;True;True;0,1501;0,3422;0,3546;9,3883;61,6576;346,5698;-0,0551;0,2366;-0,1618;-177,7620;True;False;False;1,0000;1,0000;1,0000;1,0000;0,0000;0,0000;0,0000;0,0000;e05a5424-aad0-4d19-afe3-cfbdb3de155a;False;
4185;27,56044;-0,0265;0,5852;0,0442;22,6203;5,6529;3,8305;True;True;0,1034;0,3546;0,3432;12,3459;51,6661;333,5072;-0,2041;-0,0568;-0,1260;-170,3495;True;False;False;1,0000;1,0000;1,0000;1,0000;0,0000;0,0000;0,0000;0,0000;e05a5424-aad0-4d19-afe3-cfbdb3de155a;False;
4190;27,62044;-0,0264;0,5854;0,0433;22,4898;5,6634;3,8677;True;True;0,0930;0,3447;0,3338;11,8461;47,6908;337,8642;-0,1608;-0,1266;-0,0348;-172,9170;True;False;False;1,0000;1,0000;0,9973;0,7747;0,0000;0,0000;0,0000;0,0000;e05a5424-aad0-4d19-afe3-cfbdb3de155a;False;
4195;27,70044;-0,0267;0,5856;0,0432;22,3843;5,7480;3,8462;True;True;0,0964;0,3398;0,3426;12,4637;43,3140;348,4330;0,1228;-0,1044;0,1256;176,0445;False;False;False;0,0000;0,0000;0,0000;0,0000;0,0000;0,0000;0,0000;0,0000;;False;
4200;27,76044;-0,0277;0,5853;0,0439;22,4657;5,6838;3,8931;True;True;0,1139;0,3182;0,3527;11,8779;37,4907;344,7157;0,1405;-0,0964;-0,0695;-167,9834;False;False;False;0,0000;0,0000;0,0000;0,0000;0,0000;0,0000;0,0000;0,0000;;False;
4205;27,84045;-0,0285;0,5848;0,0444;22,6957;5,9635;4,0524;True;True;0,1271;0,3365;0,3323;11,6754;40,9064;340,7418;0,2046;0,1719;-0,2212;-169,3295;False;False;False;0,0000;0,0000;0,0000;0,0000;0,0000;0,0000;0,0000;0,0000;;True;
4210;27,90045;-0,0290;0,5846;0,0452;22,6673;6,3649;4,3493;True;True;0,1443;0,3546;0,3029;12,2375;56,7310;344,7545;0,3211;0,3956;-0,4270;-176,5318;False;False;False;0,0000;0,0000;0,0000;0,0000;0,0000;0,0000;0,0000;0,0000;;False;
4215;27,98045;-0,0287;0,5843;0,0456;22,6861;6,8465;4,6015;True;True;0,1572;0,3427;0,3042;7,2364;66,7708;351,3125;0,1226;-0,1937;-0,0034;-174,2829;False;False;False;0,0000;0,0000;0,0000;0,0000;0,0000;0,0000;0,0000;0,0000;;False;
4220;28,04045;-0,0274;0,5843;0,0452;22,6834;7,3851;4,6415;True;True;0,1638;0,3342;0,2968;4,8249;69,4547;5,0509;0,0866;0,0684;-0,3365;168,7522;False;False;False;0,0000;0,0000;0,0000;0,0000;0,0000;0,0000;0,0000;0,0000;;False;
4230;28,18045;-0,0249;0,5847;0,0439;22,5054;7,4290;4,2325;True;True;0,1605;0,3208;0,3001;5,5936;68,8141;12,2460;0,1817;-0,0751;0,2238;161,6611;False;False;False;0,0000;0,0000;0,0000;0,0000;0,0000;0,0000;0,0000;0,0000;;False;
4240;28,32046;-0,0231;0,5853;0,0437;22,3974;7,5201;4,1316;True;True;0,1552;0,3506;0,3041;12,5550;62,6643;350,8177;-0,1774;0,2799;-0,0460;171,4267;True;False;False;1,0000;1,0000;1,0000;1,0000;0,0000;0,0000;0,0000;0,0000;96ccf767-41f0-4269-91a0-bf09e4de3a7f;False;
4250;28,46046;-0,0230;0,5861;0,0425;22,2146;6,8159;3,6270;True;True;0,1168;0,3505;0,3099;9,6597;47,2457;332,4442;-0,2119;-0,0274;0,0751;-174,9320;True;False;False;1,0000;1,0000;1,0000;1,0000;0,0000;0,0000;0,0000;0,0000;96ccf767-41f0-4269-91a0-bf09e4de3a7f;False;
4260;28,60046;-0,0258;0,5862;0,0424;22,1562;6,2357;3,6659;True;True;0,0996;0,3386;0,3129;13,3032;39,5830;350,7869;0,1283;-0,0054;0,0482;176,9255;False;False;False;0,0000;0,0000;0,0000;0,0000;0,0000;0,0000;0,0000;0,0000;;False;
4270;28,74047;-0,0289;0,5852;0,0435;22,3388;6,5358;4,2023;True;True;0,1245;0,3335;0,3034;11,3396;42,1047;337,9457;0,1457;0,0877;-0,1827;-173,2140;False;False;False;0,0000;0,0000;0,0000;0,0000;0,0000;0,0000;0,0000;0,0000;;True;
4275;28,80047;-0,0298;0,5848;0,0440;22,3864;6,9912;4,5192;True;True;0,1464;0,3604;0,2719;7,3612;52,9034;340,9767;0,3226;0,5842;-0,8536;-176,2805;False;False;False;0,0000;0,0000;0,0000;0,0000;0,0000;0,0000;0,0000;0,0000;;False;
4280;28,88047;-0,0294;0,5846;0,0443;22,3243;7,5016;4,8443;True;True;0,1661;0,3456;0,2671;7,2271;60,0883;345,8256;0,2515;-0,2923;0,0315;-170,3781;False;False;False;0,0000;0,0000;0,0000;0,0000;0,0000;0,0000;0,0000;0,0000;;False;
4285;28,94047;-0,0271;0,5846;0,0436;22,3699;8,2611;5,0275;True;True;0,1786;0,3354;0,2699;4,0544;65,0549;1,6894;-0,1269;0,0505;0,0181;169,4654;False;False;False;0,0000;0,0000;0,0000;0,0000;0,0000;0,0000;0,0000;0,0000;;False;
4290;29,02047;-0,0255;0,5850;0,0430;22,0790;8,4956;4,6855;True;True;0,1661;0,3319;0,2623;3,6392;65,6667;15,1863;0,0038;-0,2068;-0,0296;159,9671;False;False;False;0,0000;0,0000;0,0000;0,0000;0,0000;0,0000;0,0000;0,0000;;False;
4295;29,08047;-0,0252;0,5856;0,0430;21,9695;8,0754;4,4120;True;True;0,1614;0,3210;0,2685;6,1700;64,7791;10,3969;0,0247;0,0229;0,0488;162,0945;False;False;False;0,0000;0,0000;0,0000;0,0000;0,0000;0,0000;0,0000;0,0000;;False;
4300;29,16048;-0,0245;0,5858;0,0434;22,0609;7,9005;4,2926;True;True;0,1603;0,3377;0,2781;7,3977;63,4476;358,8173;-0,0401;0,2558;0,1478;167,5837;True;False;False;1,0000;1,0000;1,0000;1,0000;0,0000;0,0000;0,0000;0,0000;a1dd4efb-c930-4075-b66c-64edd323f00c;False;
4305;29,22048;-0,0237;0,5859;0,0432;22,0585;7,8719;4,3548;True;True;0,1462;0,3664;0,2772;13,8174;61,9387;347,0702;-0,3498;0,4359;-0,1282;169,4571;True;False;False;1,0000;1,0000;1,0000;1,0000;0,0000;0,0000;0,0000;0,0000;a1dd4efb-c930-4075-b66c-64edd323f00c;False;
4315;29,36048;-0,0237;0,5864;0,0419;21,9950;7,0879;3,9000;True;True;0,0976;0,3567;0,2881;14,1176;46,3330;332,3717;-0,7926;-0,1417;-0,2177;-174,9528;True;False;False;1,0000;1,0000;1,0000;1,0000;0,0000;0,0000;0,0000;0,0000;a1dd4efb-c930-4075-b66c-64edd323f00c;False;
4325;29,50048;-0,0257;0,5869;0,0407;21,8278;6,6642;3,8682;True;True;0,0777;0,3308;0,3113;13,1825;39,0988;355,8222;0,0305;-0,3596;0,5439;176,4139;False;False;False;0,0000;0,0000;0,0000;0,0000;0,0000;0,0000;0,0000;0,0000;;False;
4335;29,64049;-0,0304;0,5865;0,0417;21,7348;6,0386;4,1657;True;True;0,1044;0,3376;0,3055;10,0009;35,8403;353,0159;0,3396;0,3194;-0,1217;172,1815;False;False;False;0,0000;0,0000;0,0000;0,0000;0,0000;0,0000;0,0000;0,0000;;True;
4345;29,78049;-0,0304;0,5864;0,0418;21,7517;7,1435;4,8043;True;True;0,1528;0,3643;0,2942;9,2991;60,9667;346,4460;0,2000;0,1300;-0,1118;-174,2546;False;False;False;0,0000;0,0000;0,0000;0,0000;0,0000;0,0000;0,0000;0,0000;;False;
4355;29,92049;-0,0259;0,5872;0,0408;21,3225;7,9583;4,6502;True;True;0,1614;0,3201;0,3156;0,4120;73,2442;3,3041;-0,0819;-0,1127;0,0183;166,1218;False;False;False;0,0000;0,0000;0,0000;0,0000;0,0000;0,0000;0,0000;0,0000;;False;
4365;30,0605;-0,0247;0,5877;0,0417;21,3436;6,7905;3,8491;True;True;0,1456;0,3001;0,3447;6,4082;68,9094;5,3832;-0,0034;-0,1143;0,2741;166,5746;False;False;False;0,0000;0,0000;0,0000;0,0000;0,0000;0,0000;0,0000;0,0000;;False;
4370;30,1205;-0,0255;0,5877;0,0431;21,3803;6,2099;3,7734;True;True;0,1470;0,3181;0,3638;7,4190;65,8184;357,4365;-0,0092;0,3832;0,1655;170,3349;False;False;False;0,0000;0,0000;0,0000;0,0000;0,0000;0,0000;0,0000;0,0000;;False;
4375;30,2005;-0,0260;0,5874;0,0435;21,5333;6,1459;3,8235;True;True;0,1403;0,3408;0,3593;8,4259;63,5514;344,8170;-0,1113;0,2845;-0,0708;173,6730;True;False;False;1,0000;1,0000;1,0000;1,0000;0,0000;0,0000;0,0000;0,0000;96faf1a3-a1d3-471e-acfc-56c3114f950c;False;
4380;30,2605;-0,0266;0,5876;0,0437;21,5036;5,8880;3,7639;True;True;0,1145;0,3660;0,3476;10,7750;60,8721;336,9302;-0,4039;0,1899;-0,0005;-172,4860;True;False;False;1,0000;1,0000;1,0000;1,0000;0,0000;0,0000;0,0000;0,0000;96faf1a3-a1d3-471e-acfc-56c3114f950c;False;
4385;30,3405;-0,0274;0,5879;0,0434;21,3806;5,7075;3,6451;True;True;0,0970;0,3545;0,3491;11,7993;53,8191;330,2622;-0,1872;-0,1188;-0,0779;-172,3152;True;False;False;1,0000;1,0000;1,0000;1,0000;0,0000;0,0000;0,0000;0,0000;96faf1a3-a1d3-471e-acfc-56c3114f950c;False;
4390;30,40051;-0,0281;0,5880;0,0435;21,2005;5,7822;3,7201;True;True;0,0790;0,3377;0,3417;13,3361;47,3098;337,1855;-0,1897;-0,3489;0,1139;-171,8872;True;False;False;1,0000;1,0000;1,0000;0,9319;0,0000;0,0000;0,0000;0,0000;96faf1a3-a1d3-471e-acfc-56c3114f950c;False;
4395;30,48051;-0,0297;0,5878;0,0440;21,1820;5,7392;3,8165;True;True;0,0781;0,3250;0,3410;15,8609;41,8346;350,4631;0,0384;-0,1588;0,0460;-176,0164;True;False;False;1,0000;1,0000;1,0000;0,7667;0,0000;0,0000;0,0000;0,0000;96faf1a3-a1d3-471e-acfc-56c3114f950c;False;
4400;30,54051;-0,0317;0,5875;0,0448;21,2100;5,6379;3,9625;True;True;0,0966;0,3227;0,3526;12,2429;34,1389;349,9801;0,4567;0,1921;0,0541;171,2106;False;False;False;0,0000;0,0000;0,0000;0,0000;0,0000;0,0000;0,0000;0,0000;;True;
4410;30,68051;-0,0336;0,5869;0,0463;21,4377;6,1418;4,4089;True;True;0,1643;0,3500;0,3389;10,9390;47,4709;340,9085;0,9322;0,3892;-0,4514;-173,3698;False;False;False;0,0000;0,0000;0,0000;0,0000;0,0000;0,0000;0,0000;0,0000;;False;
4420;30,82051;-0,0314;0,5869;0,0465;21,2544;7,2388;4,8401;True;True;0,1875;0,3287;0,3345;0,9222;71,1621;357,4443;0,1788;-0,2211;0,0382;167,4321;False;False;False;0,0000;0,0000;0,0000;0,0000;0,0000;0,0000;0,0000;0,0000;;False;
4430;30,96052;-0,0288;0,5868;0,0466;21,2741;7,2133;4,3355;True;True;0,1949;0,3035;0,3386;356,8560;74,0967;7,3932;0,0121;0,0999;0,0705;164,8002;False;False;False;0,0000;0,0000;0,0000;0,0000;0,0000;0,0000;0,0000;0,0000;;False;
4440;31,10052;-0,0279;0,5872;0,0466;21,3702;6,8780;4,0142;True;True;0,1570;0,3551;0,3479;4,6749;68,5025;352,8756;-0,2602;0,2095;-0,0093;172,4452;True;False;False;1,0000;1,0000;1,0000;1,0000;0,0000;0,0000;0,0000;0,0000;3b2c1c3d-7c2a-4221-948a-d1fcbdff0de3;False;
4450;31,24052;-0,0292;0,5877;0,0449;21,2919;6,0681;3,8409;True;True;0,1062;0,3801;0,3243;13,4180;53,4701;335,9974;-0,2802;0,0310;-0,0517;-175,0917;True;False;False;1,0000;1,0000;1,0000;1,0000;0,0000;0,0000;0,0000;0,0000;3b2c1c3d-7c2a-4221-948a-d1fcbdff0de3;False;
4455;31,30053;-0,0294;0,5880;0,0433;21,1585;5,9060;3,7921;True;True;0,0944;0,3605;0,3353;14,0806;49,6348;336,0216;-0,3058;-0,4093;0,1599;-174,9977;True;False;False;1,0000;1,0000;1,0000;1,0000;0,0000;0,0000;0,0000;0,0000;3b2c1c3d-7c2a-4221-948a-d1fcbdff0de3;False;
4460;31,38053;-0,0304;0,5883;0,0425;21,0121;5,6858;3,7645;True;True;0,0833;0,3424;0,3297;14,1162;50,0789;345,8462;-0,0396;-0,1219;-0,0820;-177,1742;True;False;False;0,8585;0,9726;0,8616;0,6456;0,0000;0,0000;0,0000;0,0000;3b2c1c3d-7c2a-4221-948a-d1fcbdff0de3;False;
4465;31,44053;-0,0321;0,5887;0,0432;20,7690;5,6394;3,7930;True;True;0,0986;0,3462;0,3453;8,8533;44,2893;354,3594;0,4275;0,1089;0,3243;175,6840;False;False;False;0,0000;0,0000;0,0000;0,0000;0,0000;0,0000;0,0000;0,0000;;False;
4470;31,52053;-0,0336;0,5884;0,0441;20,8630;5,8242;4,0829;True;True;0,1253;0,3482;0,3347;9,2312;46,8899;348,0893;0,2294;0,0532;-0,0477;175,5091;False;False;False;0,0000;0,0000;0,0000;0,0000;0,0000;0,0000;0,0000;0,0000;;True;
4475;31,58053;-0,0346;0,5879;0,0449;21,0356;6,4549;4,2987;True;True;0,1649;0,3699;0,3203;9,6673;51,2475;344,7728;0,6563;0,4549;-0,5975;-176,8176;False;False;False;0,0000;0,0000;0,0000;0,0000;0,0000;0,0000;0,0000;0,0000;;False;
4480;31,66053;-0,0345;0,5875;0,0455;20,9473;7,4417;4,7022;True;True;0,2011;0,3582;0,3207;6,5258;61,5925;348,0996;0,3180;-0,1988;0,0485;178,0903;False;False;False;0,0000;0,0000;0,0000;0,0000;0,0000;0,0000;0,0000;0,0000;;False;
4485;31,72054;-0,0333;0,5873;0,0457;20,8119;8,3550;5,0143;True;True;0,2163;0,3414;0,3106;356,7747;74,3321;359,0038;0,1936;-0,6934;0,0830;171,1906;False;False;False;0,0000;0,0000;0,0000;0,0000;0,0000;0,0000;0,0000;0,0000;;False;
4490;31,80054;-0,0308;0,5873;0,0450;20,8137;8,9620;5,0565;True;True;0,2313;0,3249;0,3038;353,5408;79,3915;6,9871;0,1180;-0,0684;-0,1003;161,8365;False;False;False;0,0000;0,0000;0,0000;0,0000;0,0000;0,0000;0,0000;0,0000;;False;
4495;31,86054;-0,0288;0,5879;0,0445;20,6250;9,1660;4,6718;True;True;0,2392;0,3136;0,3134;355,7353;81,9516;9,8435;0,1057;-0,0308;0,1863;161,0304;False;False;False;0,0000;0,0000;0,0000;0,0000;0,0000;0,0000;0,0000;0,0000;;False;
4505;32,00054;-0,0257;0,5889;0,0440;20,4808;8,8218;4,2437;True;True;0,2150;0,3541;0,3192;1,7229;72,4703;357,7664;-0,6285;0,6584;-0,3490;173,6509;True;False;False;1,0000;1,0000;1,0000;1,0000;0,0000;0,0000;0,0000;0,0000;7b28baaa-da25-42fc-8a7c-489a3b8f46c2;False;
4515;32,14054;-0,0255;0,5895;0,0417;20,4307;8,1395;3,9146;True;True;0,1356;0,3953;0,3140;13,3986;56,3306;338,4980;-0,3404;0,0999;-0,0248;-176,9292;True;False;False;1,0000;1,0000;1,0000;1,0000;0,0000;0,0000;0,0000;0,0000;7b28baaa-da25-42fc-8a7c-489a3b8f46c2;False;
4525;32,28055;-0,0273;0,5910;0,0389;19,8409;7,5412;3,7609;True;True;0,0595;0,3727;0,3293;11,2378;40,7826;332,6374;-0,3967;-0,2324;0,2150;-171,5011;True;False;False;1,0000;1,0000;1,0000;1,0000;0,0000;0,0000;0,0000;0,0000;7b28baaa-da25-42fc-8a7c-489a3b8f46c2;False;
4535;32,42055;-0,0310;0,5914;0,0388;19,7897;6,8834;3,8448;True;True;0,0377;0,3305;0,3525;11,8893;40,5283;357,8634;-0,0345;-0,1437;0,1813;173,7229;False;False;False;0,0000;0,0000;0,0000;0,0000;0,0000;0,0000;0,0000;0,0000;;False;
4545;32,56055;-0,0342;0,5906;0,0407;19,9857;6,6717;4,2722;True;True;0,0980;0,3614;0,3345;9,8383;37,8251;349,4292;0,3108;0,2386;-0,3143;171,5441;False;False;False;0,0000;0,0000;0,0000;0,0000;0,0000;0,0000;0,0000;0,0000;;True;
4550;32,62056;-0,0338;0,5911;0,0407;19,7188;7,1131;4,6273;True;True;0,1451;0,3697;0,3305;11,3348;52,0836;347,1461;0,7106;0,2204;-0,0097;179,1623;False;False;False;0,0000;0,0000;0,0000;0,0000;0,0000;0,0000;0,0000;0,0000;;False;
4555;32,70056;-0,0314;0,5928;0,0403;18,9734;7,5792;4,8573;True;True;0,1734;0,3625;0,3204;11,5005;60,4877;348,6373;0,3029;-0,1487;-0,0507;-170,6414;False;False;False;0,0000;0,0000;0,0000;0,0000;0,0000;0,0000;0,0000;0,0000;;False;
4560;32,76056;-0,0268;0,5962;0,0399;17,2869;8,4219;4,6653;True;True;0,1806;0,3336;0,3233;4,1656;68,9332;358,6031;-0,1391;-0,3261;-0,2012;168,7416;False;False;False;0,0000;0,0000;0,0000;0,0000;0,0000;0,0000;0,0000;0,0000;;False;
4565;32,84056;-0,0221;0,5982;0,0385;16,3556;9,1141;4,5114;True;True;0,1732;0,3243;0,3198;3,5563;70,3348;10,4919;-0,0666;-0,1238;0,0060;165,5669;False;False;False;0,0000;0,0000;0,0000;0,0000;0,0000;0,0000;0,0000;0,0000;;False;
4570;32,90056;-0,0196;0,5992;0,0379;16,0495;8,8845;4,2899;True;True;0,1741;0,3125;0,3272;7,2123;67,2227;9,5923;-0,0394;-0,0133;0,1297;166,2163;False;False;False;0,0000;0,0000;0,0000;0,0000;0,0000;0,0000;0,0000;0,0000;;False;
4575;32,98056;-0,0183;0,6005;0,0386;15,6962;8,1867;3,7847;True;True;0,1685;0,3353;0,3398;7,1761;65,7704;3,5441;-0,0477;0,2692;0,1485;167,9692;True;False;False;1,0000;1,0000;1,0000;1,0000;0,0000;0,0000;0,0000;0,0000;f48926e1-1882-4df9-afae-65f9abe3f0b6;False;
4580;33,04057;-0,0168;0,6025;0,0392;14,7450;8,2491;3,6929;True;True;0,1646;0,3606;0,3463;6,4008;63,0363;352,8951;-0,2290;0,3330;0,2598;171,3649;True;False;False;1,0000;1,0000;1,0000;1,0000;0,0000;0,0000;0,0000;0,0000;f48926e1-1882-4df9-afae-65f9abe3f0b6;False;
4590;33,18057;-0,0150;0,6082;0,0364;12,4287;7,9907;3,4857;True;True;0,1061;0,4130;0,3272;13,1803;53,3337;332,8051;-0,6619;-0,2835;0,1501;-175,6965;True;False;False;1,0000;1,0000;1,0000;1,0000;0,0000;0,0000;0,0000;0,0000;f48926e1-1882-4df9-afae-65f9abe3f0b6;False;
4600;33,32057;-0,0151;0,6101;0,0321;11,5533;7,5711;2,8915;True;True;0,0627;0,3716;0,3393;11,9248;37,6141;337,5599;-0,1764;-0,5473;0,5242;-176,4633;True;False;False;1,0000;1,0000;1,0000;0,8363;0,0000;0,0000;0,0000;0,0000;f48926e1-1882-4df9-afae-65f9abe3f0b6;False;
4610;33,46058;-0,0209;0,6093;0,0337;11,8305;6,4210;2,9962;True;True;0,0831;0,3426;0,3636;5,0203;26,4484;350,6472;0,4389;-0,0318;0,1145;165,5322;False;False;False;0,0000;0,0000;0,0000;0,0000;0,0000;0,0000;0,0000;0,0000;;False;
4620;33,60058;-0,0256;0,6075;0,0366;12,6927;6,0874;3,5795;True;True;0,1498;0,3763;0,3619;6,8950;50,3860;344,7320;0,4036;0,2819;-0,1548;165,6547;False;False;False;0,0000;0,0000;0,0000;0,0000;0,0000;0,0000;0,0000;0,0000;;True;
4630;33,74058;-0,0253;0,6044;0,0381;13,7578;7,1222;4,2109;True;True;0,1748;0,3492;0,3689;356,1238;74,0276;4,7494;0,1400;-0,4493;0,4566;174,8610;False;False;False;0,0000;0,0000;0,0000;0,0000;0,0000;0,0000;0,0000;0,0000;;False;
4640;33,88058;-0,0248;0,6027;0,0395;14,1888;7,0509;3,9079;True;True;0,1756;0,3207;0,3577;0,1774;68,8573;9,3797;-0,0162;-0,0087;0,0418;169,3801;False;False;False;0,0000;0,0000;0,0000;0,0000;0,0000;0,0000;0,0000;0,0000;;False;
4645;33,94059;-0,0249;0,6025;0,0407;14,3974;6,7104;3,8448;True;True;0,1690;0,3366;0,3610;2,7525;66,5006;5,2990;-0,1603;0,4154;0,0525;169,3802;True;False;False;1,0000;1,0000;1,0000;1,0000;0,0000;0,0000;0,0000;0,0000;8d766d9b-4522-45d1-bbb7-baf38ad1c09a;False;
4650;34,02059;-0,0244;0,6025;0,0413;14,4796;6,7715;3,8700;True;True;0,1471;0,3661;0,3703;4,1048;64,6558;356,0888;-0,2089;0,2545;0,0862;175,1980;True;False;False;1,0000;1,0000;1,0000;1,0000;0,0000;0,0000;0,0000;0,0000;8d766d9b-4522-45d1-bbb7-baf38ad1c09a;False;
4655;34,08059;-0,0241;0,6025;0,0413;14,6251;6,6661;3,8525;True;True;0,1152;0,3914;0,3515;7,8172;60,4372;345,9924;-0,7766;0,3985;-0,4614;-177,2719;True;False;False;1,0000;1,0000;1,0000;0,7629;0,0000;0,0000;0,0000;0,0000;8d766d9b-4522-45d1-bbb7-baf38ad1c09a;False;
4660;34,16059;-0,0242;0,6024;0,0408;14,6879;6,4139;3,7553;True;True;0,0897;0,3868;0,3472;13,1089;54,6878;338,3036;-0,1966;-0,0972;-0,1173;-173,8387;True;False;False;1,0000;1,0000;1,0000;0,7454;0,0000;0,0000;0,0000;0,0000;8d766d9b-4522-45d1-bbb7-baf38ad1c09a;False;
4665;34,22059;-0,0239;0,6023;0,0398;14,6951;6,5157;3,6757;True;True;0,0723;0,3685;0,3397;15,2580;45,7413;338,8543;-0,2103;-0,4552;0,1269;-175,9089;True;False;False;1,0000;1,0000;1,0000;0,8050;0,0000;0,0000;0,0000;0,0000;8d766d9b-4522-45d1-bbb7-baf38ad1c09a;False;
4670;34,30059;-0,0246;0,6021;0,0394;14,7066;6,5247;3,7404;True;True;0,0761;0,3529;0,3464;13,6084;39,5539;347,0742;0,1244;0,0405;-0,1030;173,7250;False;False;False;0,0000;0,0000;0,0000;0,0000;0,0000;0,0000;0,0000;0,0000;;False;
4675;34,3606;-0,0255;0,6013;0,0398;14,7382;6,7149;3,9835;True;True;0,0995;0,3552;0,3408;10,6885;38,8582;346,2159;0,5098;-0,0927;0,3004;170,7742;False;False;False;0,0000;0,0000;0,0000;0,0000;0,0000;0,0000;0,0000;0,0000;;False;
4685;34,5006;-0,0247;0,6005;0,0399;15,0387;9,1140;4,7931;True;True;0,2069;0,3697;0,3282;10,2059;51,3525;339,3800;1,1800;0,0001;-0,3330;168,5939;False;False;False;0,0000;0,0000;0,0000;0,0000;0,0000;0,0000;0,0000;0,0000;;True;
4695;34,6406;-0,0185;0,5989;0,0402;15,4898;12,9078;5,5765;True;True;0,2789;0,3521;0,2818;352,6381;73,9797;355,2976;0,2959;-0,6552;0,2360;175,7985;False;False;False;0,0000;0,0000;0,0000;0,0000;0,0000;0,0000;0,0000;0,0000;;False;
4705;34,78061;-0,0116;0,5982;0,0399;15,7251;15,0769;5,5864;True;True;0,3360;0,3134;0,2979;350,0836;80,4208;9,1609;0,2180;-0,1878;0,0761;173,4539;False;False;False;0,0000;0,0000;0,0000;0,0000;0,0000;0,0000;0,0000;0,0000;;False;
4715;34,92061;-0,0071;0,5983;0,0392;16,0119;14,9674;5,1268;True;True;0,2917;0,3528;0,3093;357,3865;72,1212;357,1633;-0,5742;0,2137;0,3908;172,1691;True;False;False;1,0000;1,0000;1,0000;1,0000;0,0000;0,0000;0,0000;0,0000;2069386b-044d-44b0-870c-354bf553dcf6;False;
4725;35,06061;-0,0074;0,5982;0,0377;16,4417;13,0536;4,3162;True;True;0,1739;0,3959;0,3095;11,7027;61,6423;339,9529;-0,5908;0,2525;-0,0153;176,2419;True;False;False;1,0000;1,0000;1,0000;1,0000;0,0000;0,0000;0,0000;0,0000;2069386b-044d-44b0-870c-354bf553dcf6;False;
4730;35,12061;-0,0092;0,5981;0,0366;16,4732;11,8874;4,0216;True;True;0,1300;0,3915;0,3097;11,3580;52,5519;332,9418;-0,9011;-0,5123;0,0186;-176,2875;True;False;False;1,0000;1,0000;1,0000;1,0000;0,0000;0,0000;0,0000;0,0000;2069386b-044d-44b0-870c-354bf553dcf6;False;
4735;35,20061;-0,0119;0,5981;0,0360;16,4675;10,8267;3,6393;True;True;0,0803;0,3813;0,3110;11,1966;39,7776;324,8738;-0,4228;-0,0809;0,0114;-173,1272;True;False;False;1,0000;1,0000;1,0000;1,0000;0,0000;0,0000;0,0000;0,0000;2069386b-044d-44b0-870c-354bf553dcf6;False;
4740;35,26062;-0,0162;0,5978;0,0361;16,5911;9,8532;3,5984;True;True;0,0644;0,3567;0,3259;16,5151;36,4499;334,4326;-0,0548;-0,6443;0,4289;-172,8881;True;False;False;1,0000;1,0000;1,0000;1,0000;0,0000;0,0000;0,0000;0,0000;2069386b-044d-44b0-870c-354bf553dcf6;False;
4745;35,34062;-0,0215;0,5973;0,0371;16,6550;9,2347;3,7514;True;True;0,0654;0,3554;0,3327;13,5706;35,0573;346,8739;0,0094;-0,0048;0,0097;-176,7899;False;False;False;0,0000;0,0000;0,0000;0,0000;0,0000;0,0000;0,0000;0,0000;;False;
4750;35,40062;-0,0260;0,5966;0,0385;16,7694;8,9309;4,3111;True;True;0,0872;0,3495;0,3321;11,4680;35,7344;340,7839;0,7404;0,0200;-0,2156;-172,5300;False;False;False;0,0000;0,0000;0,0000;0,0000;0,0000;0,0000;0,0000;0,0000;;False;
4760;35,54062;-0,0263;0,5970;0,0378;16,3906;11,6070;5,7128;True;True;0,1788;0,3758;0,2955;10,6395;40,0902;334,9756;0,9077;0,0541;-0,5338;-168,3459;False;False;False;0,0000;0,0000;0,0000;0,0000;0,0000;0,0000;0,0000;0,0000;;True;
4770;35,68063;-0,0046;0,6049;0,0301;11,9417;22,7826;6,8742;True;True;0,2349;0,3783;0,1934;11,0128;52,9262;332,2984;0,1610;-0,1710;-0,9312;173,5709;False;False;False;0,0000;0,0000;0,0000;0,0000;0,0000;0,0000;0,0000;0,0000;;False;
4780;35,82063;0,0253;0,6077;0,0100;10,3537;37,4917;6,6068;True;True;0,2719;0,3416;0,0990;12,3468;56,0449;326,8353;-0,0731;-0,2943;-0,5152;167,1963;False;False;False;0,0000;0,0000;0,0000;0,0000;0,0000;0,0000;0,0000;0,0000;;False;
4790;35,96063;0,0506;0,6064;-0,0109;10,0403;50,4475;6,1129;True;True;0,2936;0,3303;0,0197;6,7504;59,4960;318,8457;-0,0622;0,1870;-0,4889;157,8787;False;False;False;0,0000;0,0000;0,0000;0,0000;0,0000;0,0000;0,0000;0,0000;;False;
4800;36,10064;0,0672;0,6057;-0,0265;9,6490;60,6618;5,9887;True;True;0,3170;0,3597;-0,0146;356,5717;69,8336;295,5235;0,0630;0,2412;-0,2770;146,2690;False;False;False;0,0000;0,0000;0,0000;0,0000;0,0000;0,0000;0,0000;0,0000;;False;
4810;36,24064;0,0742;0,6100;-0,0381;6,9741;68,3969;5,7921;True;True;0,3165;0,3936;-0,0583;340,4910;86,5904;274,8160;-0,0649;0,1749;-0,1295;139,9196;False;False;False;0,0000;0,0000;0,0000;0,0000;0,0000;0,0000;0,0000;0,0000;;False;
4815;36,30064;0,0754;0,6121;-0,0463;5,7038;73,0984;5,4884;True;True;0,3004;0,4079;-0,0669;333,9035;85,1822;274,8751;-0,2877;0,3443;-0,3701;137,3180;False;False;False;0,0000;0,0000;0,0000;0,0000;0,0000;0,0000;0,0000;0,0000;;False;
4820;36,38064;0,0746;0,6183;-0,0548;2,3147;77,3875;4,6973;True;True;0,2983;0,4121;-0,0797;333,9712;82,3892;280,7746;-0,0330;0,0571;-0,0229;141,6697;False;False;False;0,0000;0,0000;0,0000;0,0000;0,0000;0,0000;0,0000;0,0000;;False;
4825;36,44064;0,0681;0,6254;-0,0595;358,4311;79,1679;3,8435;True;True;0,2932;0,4244;-0,0727;334,5962;79,7305;281,9272;-0,0044;0,1800;0,1406;144,9575;False;False;False;0,0000;0,0000;0,0000;0,0000;0,0000;0,0000;0,0000;0,0000;;False;
4830;36,52065;0,0576;0,6322;-0,0594;354,6293;77,9879;3,5963;True;True;0,3002;0,4357;-0,0694;332,2868;81,4471;279,5090;0,0960;0,1352;0,0852;146,0359;False;False;False;0,0000;0,0000;0,0000;0,0000;0,0000;0,0000;0,0000;0,0000;;False;
4835;36,58065;0,0472;0,6370;-0,0574;351,3841;75,9558;3,5552;True;True;0,3174;0,4626;-0,0518;330,9988;89,4260;272,7818;0,4329;0,6730;0,3173;145,1169;False;False;False;0,0000;0,0000;0,0000;0,0000;0,0000;0,0000;0,0000;0,0000;;False;
4840;36,66065;0,0390;0,6407;-0,0561;349,7345;73,8663;3,4815;True;True;0,3614;0,5160;-0,0408;332,4312;93,5689;273,5902;0,4525;0,5560;0,1617;146,9037;False;False;False;0,0000;0,0000;0,0000;0,0000;0,0000;0,0000;0,0000;0,0000;;False;
4845;36,72065;0,0334;0,6434;-0,0550;348,4418;71,8698;3,3126;True;True;0,3905;0,5889;-0,0330;330,7773;110,7816;267,9706;0,3643;1,4339;0,4912;147,9146;False;False;False;0,0000;0,0000;0,0000;0,0000;0,0000;0,0000;0,0000;0,0000;;False;
